[debug] [2026-02-21T21:29:53.236Z] [Firebase Plugin] Activating Firebase extension.
[debug] [2026-02-21T21:29:55.804Z] [Firebase Plugin] requireAuthWrapper
[debug] [2026-02-21T21:29:55.821Z] > command requires scopes: ["email","openid","https://www.googleapis.com/auth/cloudplatformprojects.readonly","https://www.googleapis.com/auth/firebase","https://www.googleapis.com/auth/cloud-platform"]
[debug] [2026-02-21T21:29:55.821Z] > authorizing via signed-in user (info@jaspero.co)
[debug] [2026-02-21T21:29:55.824Z] Checked if tokens are valid: true, expires at: 1771711659857
[debug] [2026-02-21T21:29:55.825Z] Checked if tokens are valid: true, expires at: 1771711659857
[debug] [2026-02-21T21:29:55.825Z] [Firebase Plugin] User found:  info@jaspero.co
[info] [Firebase Plugin] (Core:Project) New user detected, fetching projects
[debug] [2026-02-21T21:29:55.828Z] Checked if tokens are valid: true, expires at: 1771711659857
[debug] [2026-02-21T21:29:55.830Z] >>> [apiv2][query] GET https://firebase.googleapis.com/v1beta1/projects pageSize=1000
[info] [Firebase Plugin] Starting Data Connect toolkit (version 3.1.1) on port 50002
[debug] [2026-02-21T21:29:56.388Z] 'fdc build' failed with error: Unable to build your Data Connect schema and connectors (exit code 1): E0221 22:29:56.385058   24992 cmd.go:43] Error loading data connect config: could not find dataconnect.yaml in `c:\Users\filip\Desktop\projects\flauc\aj-game-room\dataconnect`
 {"metadata":{"emulator":{"name":"dataconnect"},"message":"'fdc build' failed with error: Unable to build your Data Connect schema and connectors (exit code 1): E0221 22:29:56.385058   24992 cmd.go:43] Error loading data connect config: could not find dataconnect.yaml in `c:\\Users\\filip\\Desktop\\projects\\flauc\\aj-game-room\\dataconnect`\n"}}
[debug] [2026-02-21T21:29:56.390Z] Ignoring unsupported arg: auto_download {"metadata":{"emulator":{"name":"dataconnect"},"message":"Ignoring unsupported arg: auto_download"}}
[debug] [2026-02-21T21:29:56.390Z] Ignoring unsupported arg: port {"metadata":{"emulator":{"name":"dataconnect"},"message":"Ignoring unsupported arg: port"}}
[debug] [2026-02-21T21:29:56.390Z] Starting Data Connect Emulator with command {"binary":"C:\\Users\\filip\\.cache\\firebase\\emulators\\dataconnect-emulator-3.1.1.exe","args":["--logtostderr","-v=2","dev","--listen=localhost:50002","--config_dir=c:\\Users\\filip\\Desktop\\projects\\flauc\\aj-game-room\\dataconnect","--enable_output_schema_extensions=true","--enable_output_generated_sdk=true"],"optionalArgs":["listen","config_dir","enable_output_schema_extensions","enable_output_generated_sdk"],"joinArgs":true,"shell":false,"port":9399} {"metadata":{"emulator":{"name":"dataconnect"},"message":"Starting Data Connect Emulator with command {\"binary\":\"C:\\\\Users\\\\filip\\\\.cache\\\\firebase\\\\emulators\\\\dataconnect-emulator-3.1.1.exe\",\"args\":[\"--logtostderr\",\"-v=2\",\"dev\",\"--listen=localhost:50002\",\"--config_dir=c:\\\\Users\\\\filip\\\\Desktop\\\\projects\\\\flauc\\\\aj-game-room\\\\dataconnect\",\"--enable_output_schema_extensions=true\",\"--enable_output_generated_sdk=true\"],\"optionalArgs\":[\"listen\",\"config_dir\",\"enable_output_schema_extensions\",\"enable_output_generated_sdk\"],\"joinArgs\":true,\"shell\":false,\"port\":9399}"}}
[info] i  dataconnect: Data Connect Emulator logging to dataconnect-debug.log {"metadata":{"emulator":{"name":"dataconnect"},"message":"Data Connect Emulator logging to \u001b[1mdataconnect-debug.log\u001b[22m"}}
[debug] [2026-02-21T21:29:56.421Z] E0221 22:29:56.421776   28044 dev.go:83] Failed to load initial config from "c:\\Users\\filip\\Desktop\\projects\\flauc\\aj-game-room\\dataconnect": could not find dataconnect.yaml in `c:\Users\filip\Desktop\projects\flauc\aj-game-room\dataconnect`
E0221 22:29:56.422318   28044 watch.go:116] watchAllDir unable to walk dir `c:\Users\filip\Desktop\projects\flauc\aj-game-room\dataconnect`: CreateFile c:\Users\filip\Desktop\projects\flauc\aj-game-room\dataconnect: The system cannot find the file specified.
 {"metadata":{"emulator":{"name":"dataconnect"},"message":"E0221 22:29:56.421776   28044 dev.go:83] Failed to load initial config from \"c:\\\\Users\\\\filip\\\\Desktop\\\\projects\\\\flauc\\\\aj-game-room\\\\dataconnect\": could not find dataconnect.yaml in `c:\\Users\\filip\\Desktop\\projects\\flauc\\aj-game-room\\dataconnect`\nE0221 22:29:56.422318   28044 watch.go:116] watchAllDir unable to walk dir `c:\\Users\\filip\\Desktop\\projects\\flauc\\aj-game-room\\dataconnect`: CreateFile c:\\Users\\filip\\Desktop\\projects\\flauc\\aj-game-room\\dataconnect: The system cannot find the file specified.\n"}}
[debug] [2026-02-21T21:29:56.458Z] I0221 22:29:56.436840   28044 dev.go:104] Listening on address (HTTP + gRPC): 127.0.0.1:50002
 {"metadata":{"emulator":{"name":"dataconnect"},"message":"I0221 22:29:56.436840   28044 dev.go:104] Listening on address (HTTP + gRPC): 127.0.0.1:50002\n"}}
[error] [Firebase Plugin] error:  {}
[debug] [2026-02-21T21:29:57.368Z] <<< [apiv2][status] GET https://firebase.googleapis.com/v1beta1/projects 200
[debug] [2026-02-21T21:29:57.368Z] <<< [apiv2][body] GET https://firebase.googleapis.com/v1beta1/projects [omitted]
[debug] [2026-02-21T21:30:06.422Z] E0221 22:30:06.423352   28044 watch.go:40] Failed to load config from "c:\\Users\\filip\\Desktop\\projects\\flauc\\aj-game-room\\dataconnect": could not find dataconnect.yaml in `c:\Users\filip\Desktop\projects\flauc\aj-game-room\dataconnect`
 {"metadata":{"emulator":{"name":"dataconnect"},"message":"E0221 22:30:06.423352   28044 watch.go:40] Failed to load config from \"c:\\\\Users\\\\filip\\\\Desktop\\\\projects\\\\flauc\\\\aj-game-room\\\\dataconnect\": could not find dataconnect.yaml in `c:\\Users\\filip\\Desktop\\projects\\flauc\\aj-game-room\\dataconnect`\n"}}
[debug] [2026-02-21T21:30:16.422Z] E0221 22:30:16.422841   28044 watch.go:40] Failed to load config from "c:\\Users\\filip\\Desktop\\projects\\flauc\\aj-game-room\\dataconnect": could not find dataconnect.yaml in `c:\Users\filip\Desktop\projects\flauc\aj-game-room\dataconnect`
 {"metadata":{"emulator":{"name":"dataconnect"},"message":"E0221 22:30:16.422841   28044 watch.go:40] Failed to load config from \"c:\\\\Users\\\\filip\\\\Desktop\\\\projects\\\\flauc\\\\aj-game-room\\\\dataconnect\": could not find dataconnect.yaml in `c:\\Users\\filip\\Desktop\\projects\\flauc\\aj-game-room\\dataconnect`\n"}}
[debug] [2026-02-21T21:30:26.425Z] E0221 22:30:26.426259   28044 watch.go:40] Failed to load config from "c:\\Users\\filip\\Desktop\\projects\\flauc\\aj-game-room\\dataconnect": could not find dataconnect.yaml in `c:\Users\filip\Desktop\projects\flauc\aj-game-room\dataconnect`
 {"metadata":{"emulator":{"name":"dataconnect"},"message":"E0221 22:30:26.426259   28044 watch.go:40] Failed to load config from \"c:\\\\Users\\\\filip\\\\Desktop\\\\projects\\\\flauc\\\\aj-game-room\\\\dataconnect\": could not find dataconnect.yaml in `c:\\Users\\filip\\Desktop\\projects\\flauc\\aj-game-room\\dataconnect`\n"}}
[debug] [2026-02-21T21:30:36.423Z] E0221 22:30:36.423658   28044 watch.go:40] Failed to load config from "c:\\Users\\filip\\Desktop\\projects\\flauc\\aj-game-room\\dataconnect": could not find dataconnect.yaml in `c:\Users\filip\Desktop\projects\flauc\aj-game-room\dataconnect`
 {"metadata":{"emulator":{"name":"dataconnect"},"message":"E0221 22:30:36.423658   28044 watch.go:40] Failed to load config from \"c:\\\\Users\\\\filip\\\\Desktop\\\\projects\\\\flauc\\\\aj-game-room\\\\dataconnect\": could not find dataconnect.yaml in `c:\\Users\\filip\\Desktop\\projects\\flauc\\aj-game-room\\dataconnect`\n"}}
[debug] [2026-02-21T21:30:46.423Z] E0221 22:30:46.423715   28044 watch.go:40] Failed to load config from "c:\\Users\\filip\\Desktop\\projects\\flauc\\aj-game-room\\dataconnect": could not find dataconnect.yaml in `c:\Users\filip\Desktop\projects\flauc\aj-game-room\dataconnect`
 {"metadata":{"emulator":{"name":"dataconnect"},"message":"E0221 22:30:46.423715   28044 watch.go:40] Failed to load config from \"c:\\\\Users\\\\filip\\\\Desktop\\\\projects\\\\flauc\\\\aj-game-room\\\\dataconnect\": could not find dataconnect.yaml in `c:\\Users\\filip\\Desktop\\projects\\flauc\\aj-game-room\\dataconnect`\n"}}
[debug] [2026-02-21T21:30:56.423Z] E0221 22:30:56.423088   28044 watch.go:116] watchAllDir unable to walk dir `c:\Users\filip\Desktop\projects\flauc\aj-game-room\dataconnect`: CreateFile c:\Users\filip\Desktop\projects\flauc\aj-game-room\dataconnect: The system cannot find the file specified.
E0221 22:30:56.423088   28044 watch.go:40] Failed to load config from "c:\\Users\\filip\\Desktop\\projects\\flauc\\aj-game-room\\dataconnect": could not find dataconnect.yaml in `c:\Users\filip\Desktop\projects\flauc\aj-game-room\dataconnect`
 {"metadata":{"emulator":{"name":"dataconnect"},"message":"E0221 22:30:56.423088   28044 watch.go:116] watchAllDir unable to walk dir `c:\\Users\\filip\\Desktop\\projects\\flauc\\aj-game-room\\dataconnect`: CreateFile c:\\Users\\filip\\Desktop\\projects\\flauc\\aj-game-room\\dataconnect: The system cannot find the file specified.\nE0221 22:30:56.423088   28044 watch.go:40] Failed to load config from \"c:\\\\Users\\\\filip\\\\Desktop\\\\projects\\\\flauc\\\\aj-game-room\\\\dataconnect\": could not find dataconnect.yaml in `c:\\Users\\filip\\Desktop\\projects\\flauc\\aj-game-room\\dataconnect`\n"}}
[debug] [2026-02-21T21:31:06.423Z] E0221 22:31:06.423653   28044 watch.go:40] Failed to load config from "c:\\Users\\filip\\Desktop\\projects\\flauc\\aj-game-room\\dataconnect": could not find dataconnect.yaml in `c:\Users\filip\Desktop\projects\flauc\aj-game-room\dataconnect`
 {"metadata":{"emulator":{"name":"dataconnect"},"message":"E0221 22:31:06.423653   28044 watch.go:40] Failed to load config from \"c:\\\\Users\\\\filip\\\\Desktop\\\\projects\\\\flauc\\\\aj-game-room\\\\dataconnect\": could not find dataconnect.yaml in `c:\\Users\\filip\\Desktop\\projects\\flauc\\aj-game-room\\dataconnect`\n"}}
[debug] [2026-02-21T21:31:16.425Z] E0221 22:31:16.425499   28044 watch.go:40] Failed to load config from "c:\\Users\\filip\\Desktop\\projects\\flauc\\aj-game-room\\dataconnect": could not find dataconnect.yaml in `c:\Users\filip\Desktop\projects\flauc\aj-game-room\dataconnect`
 {"metadata":{"emulator":{"name":"dataconnect"},"message":"E0221 22:31:16.425499   28044 watch.go:40] Failed to load config from \"c:\\\\Users\\\\filip\\\\Desktop\\\\projects\\\\flauc\\\\aj-game-room\\\\dataconnect\": could not find dataconnect.yaml in `c:\\Users\\filip\\Desktop\\projects\\flauc\\aj-game-room\\dataconnect`\n"}}
[debug] [2026-02-21T21:31:26.424Z] E0221 22:31:26.423647   28044 watch.go:40] Failed to load config from "c:\\Users\\filip\\Desktop\\projects\\flauc\\aj-game-room\\dataconnect": could not find dataconnect.yaml in `c:\Users\filip\Desktop\projects\flauc\aj-game-room\dataconnect`
 {"metadata":{"emulator":{"name":"dataconnect"},"message":"E0221 22:31:26.423647   28044 watch.go:40] Failed to load config from \"c:\\\\Users\\\\filip\\\\Desktop\\\\projects\\\\flauc\\\\aj-game-room\\\\dataconnect\": could not find dataconnect.yaml in `c:\\Users\\filip\\Desktop\\projects\\flauc\\aj-game-room\\dataconnect`\n"}}
[debug] [2026-02-21T21:31:36.424Z] E0221 22:31:36.423972   28044 watch.go:40] Failed to load config from "c:\\Users\\filip\\Desktop\\projects\\flauc\\aj-game-room\\dataconnect": could not find dataconnect.yaml in `c:\Users\filip\Desktop\projects\flauc\aj-game-room\dataconnect`
 {"metadata":{"emulator":{"name":"dataconnect"},"message":"E0221 22:31:36.423972   28044 watch.go:40] Failed to load config from \"c:\\\\Users\\\\filip\\\\Desktop\\\\projects\\\\flauc\\\\aj-game-room\\\\dataconnect\": could not find dataconnect.yaml in `c:\\Users\\filip\\Desktop\\projects\\flauc\\aj-game-room\\dataconnect`\n"}}
[debug] [2026-02-21T21:31:46.423Z] E0221 22:31:46.423452   28044 watch.go:40] Failed to load config from "c:\\Users\\filip\\Desktop\\projects\\flauc\\aj-game-room\\dataconnect": could not find dataconnect.yaml in `c:\Users\filip\Desktop\projects\flauc\aj-game-room\dataconnect`
 {"metadata":{"emulator":{"name":"dataconnect"},"message":"E0221 22:31:46.423452   28044 watch.go:40] Failed to load config from \"c:\\\\Users\\\\filip\\\\Desktop\\\\projects\\\\flauc\\\\aj-game-room\\\\dataconnect\": could not find dataconnect.yaml in `c:\\Users\\filip\\Desktop\\projects\\flauc\\aj-game-room\\dataconnect`\n"}}
[debug] [2026-02-21T21:31:56.425Z] E0221 22:31:56.422895   28044 watch.go:116] watchAllDir unable to walk dir `c:\Users\filip\Desktop\projects\flauc\aj-game-room\dataconnect`: CreateFile c:\Users\filip\Desktop\projects\flauc\aj-game-room\dataconnect: The system cannot find the file specified.
 {"metadata":{"emulator":{"name":"dataconnect"},"message":"E0221 22:31:56.422895   28044 watch.go:116] watchAllDir unable to walk dir `c:\\Users\\filip\\Desktop\\projects\\flauc\\aj-game-room\\dataconnect`: CreateFile c:\\Users\\filip\\Desktop\\projects\\flauc\\aj-game-room\\dataconnect: The system cannot find the file specified.\n"}}
[debug] [2026-02-21T21:31:56.428Z] E0221 22:31:56.425977   28044 watch.go:40] Failed to load config from "c:\\Users\\filip\\Desktop\\projects\\flauc\\aj-game-room\\dataconnect": could not find dataconnect.yaml in `c:\Users\filip\Desktop\projects\flauc\aj-game-room\dataconnect`
 {"metadata":{"emulator":{"name":"dataconnect"},"message":"E0221 22:31:56.425977   28044 watch.go:40] Failed to load config from \"c:\\\\Users\\\\filip\\\\Desktop\\\\projects\\\\flauc\\\\aj-game-room\\\\dataconnect\": could not find dataconnect.yaml in `c:\\Users\\filip\\Desktop\\projects\\flauc\\aj-game-room\\dataconnect`\n"}}
[debug] [2026-02-21T21:32:06.424Z] E0221 22:32:06.422997   28044 watch.go:40] Failed to load config from "c:\\Users\\filip\\Desktop\\projects\\flauc\\aj-game-room\\dataconnect": could not find dataconnect.yaml in `c:\Users\filip\Desktop\projects\flauc\aj-game-room\dataconnect`
 {"metadata":{"emulator":{"name":"dataconnect"},"message":"E0221 22:32:06.422997   28044 watch.go:40] Failed to load config from \"c:\\\\Users\\\\filip\\\\Desktop\\\\projects\\\\flauc\\\\aj-game-room\\\\dataconnect\": could not find dataconnect.yaml in `c:\\Users\\filip\\Desktop\\projects\\flauc\\aj-game-room\\dataconnect`\n"}}
[debug] [2026-02-21T21:32:16.423Z] E0221 22:32:16.422842   28044 watch.go:40] Failed to load config from "c:\\Users\\filip\\Desktop\\projects\\flauc\\aj-game-room\\dataconnect": could not find dataconnect.yaml in `c:\Users\filip\Desktop\projects\flauc\aj-game-room\dataconnect`
 {"metadata":{"emulator":{"name":"dataconnect"},"message":"E0221 22:32:16.422842   28044 watch.go:40] Failed to load config from \"c:\\\\Users\\\\filip\\\\Desktop\\\\projects\\\\flauc\\\\aj-game-room\\\\dataconnect\": could not find dataconnect.yaml in `c:\\Users\\filip\\Desktop\\projects\\flauc\\aj-game-room\\dataconnect`\n"}}
[debug] [2026-02-21T21:32:26.423Z] E0221 22:32:26.423488   28044 watch.go:40] Failed to load config from "c:\\Users\\filip\\Desktop\\projects\\flauc\\aj-game-room\\dataconnect": could not find dataconnect.yaml in `c:\Users\filip\Desktop\projects\flauc\aj-game-room\dataconnect`
 {"metadata":{"emulator":{"name":"dataconnect"},"message":"E0221 22:32:26.423488   28044 watch.go:40] Failed to load config from \"c:\\\\Users\\\\filip\\\\Desktop\\\\projects\\\\flauc\\\\aj-game-room\\\\dataconnect\": could not find dataconnect.yaml in `c:\\Users\\filip\\Desktop\\projects\\flauc\\aj-game-room\\dataconnect`\n"}}
[debug] [2026-02-21T21:32:36.424Z] E0221 22:32:36.424422   28044 watch.go:40] Failed to load config from "c:\\Users\\filip\\Desktop\\projects\\flauc\\aj-game-room\\dataconnect": could not find dataconnect.yaml in `c:\Users\filip\Desktop\projects\flauc\aj-game-room\dataconnect`
 {"metadata":{"emulator":{"name":"dataconnect"},"message":"E0221 22:32:36.424422   28044 watch.go:40] Failed to load config from \"c:\\\\Users\\\\filip\\\\Desktop\\\\projects\\\\flauc\\\\aj-game-room\\\\dataconnect\": could not find dataconnect.yaml in `c:\\Users\\filip\\Desktop\\projects\\flauc\\aj-game-room\\dataconnect`\n"}}
[debug] [2026-02-21T21:32:46.428Z] E0221 22:32:46.426154   28044 watch.go:40] Failed to load config from "c:\\Users\\filip\\Desktop\\projects\\flauc\\aj-game-room\\dataconnect": could not find dataconnect.yaml in `c:\Users\filip\Desktop\projects\flauc\aj-game-room\dataconnect`
 {"metadata":{"emulator":{"name":"dataconnect"},"message":"E0221 22:32:46.426154   28044 watch.go:40] Failed to load config from \"c:\\\\Users\\\\filip\\\\Desktop\\\\projects\\\\flauc\\\\aj-game-room\\\\dataconnect\": could not find dataconnect.yaml in `c:\\Users\\filip\\Desktop\\projects\\flauc\\aj-game-room\\dataconnect`\n"}}
[debug] [2026-02-21T21:32:56.441Z] E0221 22:32:56.432351   28044 watch.go:116] watchAllDir unable to walk dir `c:\Users\filip\Desktop\projects\flauc\aj-game-room\dataconnect`: CreateFile c:\Users\filip\Desktop\projects\flauc\aj-game-room\dataconnect: The system cannot find the file specified.
E0221 22:32:56.440629   28044 watch.go:40] Failed to load config from "c:\\Users\\filip\\Desktop\\projects\\flauc\\aj-game-room\\dataconnect": could not find dataconnect.yaml in `c:\Users\filip\Desktop\projects\flauc\aj-game-room\dataconnect`
 {"metadata":{"emulator":{"name":"dataconnect"},"message":"E0221 22:32:56.432351   28044 watch.go:116] watchAllDir unable to walk dir `c:\\Users\\filip\\Desktop\\projects\\flauc\\aj-game-room\\dataconnect`: CreateFile c:\\Users\\filip\\Desktop\\projects\\flauc\\aj-game-room\\dataconnect: The system cannot find the file specified.\nE0221 22:32:56.440629   28044 watch.go:40] Failed to load config from \"c:\\\\Users\\\\filip\\\\Desktop\\\\projects\\\\flauc\\\\aj-game-room\\\\dataconnect\": could not find dataconnect.yaml in `c:\\Users\\filip\\Desktop\\projects\\flauc\\aj-game-room\\dataconnect`\n"}}
[debug] [2026-02-21T21:33:06.422Z] E0221 22:33:06.423498   28044 watch.go:40] Failed to load config from "c:\\Users\\filip\\Desktop\\projects\\flauc\\aj-game-room\\dataconnect": could not find dataconnect.yaml in `c:\Users\filip\Desktop\projects\flauc\aj-game-room\dataconnect`
 {"metadata":{"emulator":{"name":"dataconnect"},"message":"E0221 22:33:06.423498   28044 watch.go:40] Failed to load config from \"c:\\\\Users\\\\filip\\\\Desktop\\\\projects\\\\flauc\\\\aj-game-room\\\\dataconnect\": could not find dataconnect.yaml in `c:\\Users\\filip\\Desktop\\projects\\flauc\\aj-game-room\\dataconnect`\n"}}
[debug] [2026-02-21T21:33:16.422Z] E0221 22:33:16.423638   28044 watch.go:40] Failed to load config from "c:\\Users\\filip\\Desktop\\projects\\flauc\\aj-game-room\\dataconnect": could not find dataconnect.yaml in `c:\Users\filip\Desktop\projects\flauc\aj-game-room\dataconnect`
 {"metadata":{"emulator":{"name":"dataconnect"},"message":"E0221 22:33:16.423638   28044 watch.go:40] Failed to load config from \"c:\\\\Users\\\\filip\\\\Desktop\\\\projects\\\\flauc\\\\aj-game-room\\\\dataconnect\": could not find dataconnect.yaml in `c:\\Users\\filip\\Desktop\\projects\\flauc\\aj-game-room\\dataconnect`\n"}}
[debug] [2026-02-21T21:33:26.422Z] E0221 22:33:26.424018   28044 watch.go:40] Failed to load config from "c:\\Users\\filip\\Desktop\\projects\\flauc\\aj-game-room\\dataconnect": could not find dataconnect.yaml in `c:\Users\filip\Desktop\projects\flauc\aj-game-room\dataconnect`
 {"metadata":{"emulator":{"name":"dataconnect"},"message":"E0221 22:33:26.424018   28044 watch.go:40] Failed to load config from \"c:\\\\Users\\\\filip\\\\Desktop\\\\projects\\\\flauc\\\\aj-game-room\\\\dataconnect\": could not find dataconnect.yaml in `c:\\Users\\filip\\Desktop\\projects\\flauc\\aj-game-room\\dataconnect`\n"}}
[debug] [2026-02-21T21:33:36.421Z] E0221 22:33:36.422651   28044 watch.go:40] Failed to load config from "c:\\Users\\filip\\Desktop\\projects\\flauc\\aj-game-room\\dataconnect": could not find dataconnect.yaml in `c:\Users\filip\Desktop\projects\flauc\aj-game-room\dataconnect`
 {"metadata":{"emulator":{"name":"dataconnect"},"message":"E0221 22:33:36.422651   28044 watch.go:40] Failed to load config from \"c:\\\\Users\\\\filip\\\\Desktop\\\\projects\\\\flauc\\\\aj-game-room\\\\dataconnect\": could not find dataconnect.yaml in `c:\\Users\\filip\\Desktop\\projects\\flauc\\aj-game-room\\dataconnect`\n"}}
[debug] [2026-02-21T21:33:46.422Z] E0221 22:33:46.423370   28044 watch.go:40] Failed to load config from "c:\\Users\\filip\\Desktop\\projects\\flauc\\aj-game-room\\dataconnect": could not find dataconnect.yaml in `c:\Users\filip\Desktop\projects\flauc\aj-game-room\dataconnect`
 {"metadata":{"emulator":{"name":"dataconnect"},"message":"E0221 22:33:46.423370   28044 watch.go:40] Failed to load config from \"c:\\\\Users\\\\filip\\\\Desktop\\\\projects\\\\flauc\\\\aj-game-room\\\\dataconnect\": could not find dataconnect.yaml in `c:\\Users\\filip\\Desktop\\projects\\flauc\\aj-game-room\\dataconnect`\n"}}
[debug] [2026-02-21T21:33:56.422Z] E0221 22:33:56.422924   28044 watch.go:116] watchAllDir unable to walk dir `c:\Users\filip\Desktop\projects\flauc\aj-game-room\dataconnect`: CreateFile c:\Users\filip\Desktop\projects\flauc\aj-game-room\dataconnect: The system cannot find the file specified.
 {"metadata":{"emulator":{"name":"dataconnect"},"message":"E0221 22:33:56.422924   28044 watch.go:116] watchAllDir unable to walk dir `c:\\Users\\filip\\Desktop\\projects\\flauc\\aj-game-room\\dataconnect`: CreateFile c:\\Users\\filip\\Desktop\\projects\\flauc\\aj-game-room\\dataconnect: The system cannot find the file specified.\n"}}
[debug] [2026-02-21T21:33:56.425Z] E0221 22:33:56.422924   28044 watch.go:40] Failed to load config from "c:\\Users\\filip\\Desktop\\projects\\flauc\\aj-game-room\\dataconnect": could not find dataconnect.yaml in `c:\Users\filip\Desktop\projects\flauc\aj-game-room\dataconnect`
 {"metadata":{"emulator":{"name":"dataconnect"},"message":"E0221 22:33:56.422924   28044 watch.go:40] Failed to load config from \"c:\\\\Users\\\\filip\\\\Desktop\\\\projects\\\\flauc\\\\aj-game-room\\\\dataconnect\": could not find dataconnect.yaml in `c:\\Users\\filip\\Desktop\\projects\\flauc\\aj-game-room\\dataconnect`\n"}}
[debug] [2026-02-21T21:34:06.423Z] E0221 22:34:06.422880   28044 watch.go:40] Failed to load config from "c:\\Users\\filip\\Desktop\\projects\\flauc\\aj-game-room\\dataconnect": could not find dataconnect.yaml in `c:\Users\filip\Desktop\projects\flauc\aj-game-room\dataconnect`
 {"metadata":{"emulator":{"name":"dataconnect"},"message":"E0221 22:34:06.422880   28044 watch.go:40] Failed to load config from \"c:\\\\Users\\\\filip\\\\Desktop\\\\projects\\\\flauc\\\\aj-game-room\\\\dataconnect\": could not find dataconnect.yaml in `c:\\Users\\filip\\Desktop\\projects\\flauc\\aj-game-room\\dataconnect`\n"}}
[debug] [2026-02-21T21:34:16.425Z] E0221 22:34:16.425981   28044 watch.go:40] Failed to load config from "c:\\Users\\filip\\Desktop\\projects\\flauc\\aj-game-room\\dataconnect": could not find dataconnect.yaml in `c:\Users\filip\Desktop\projects\flauc\aj-game-room\dataconnect`
 {"metadata":{"emulator":{"name":"dataconnect"},"message":"E0221 22:34:16.425981   28044 watch.go:40] Failed to load config from \"c:\\\\Users\\\\filip\\\\Desktop\\\\projects\\\\flauc\\\\aj-game-room\\\\dataconnect\": could not find dataconnect.yaml in `c:\\Users\\filip\\Desktop\\projects\\flauc\\aj-game-room\\dataconnect`\n"}}
[debug] [2026-02-21T21:34:26.423Z] E0221 22:34:26.423271   28044 watch.go:40] Failed to load config from "c:\\Users\\filip\\Desktop\\projects\\flauc\\aj-game-room\\dataconnect": could not find dataconnect.yaml in `c:\Users\filip\Desktop\projects\flauc\aj-game-room\dataconnect`
 {"metadata":{"emulator":{"name":"dataconnect"},"message":"E0221 22:34:26.423271   28044 watch.go:40] Failed to load config from \"c:\\\\Users\\\\filip\\\\Desktop\\\\projects\\\\flauc\\\\aj-game-room\\\\dataconnect\": could not find dataconnect.yaml in `c:\\Users\\filip\\Desktop\\projects\\flauc\\aj-game-room\\dataconnect`\n"}}
[debug] [2026-02-21T21:34:36.423Z] E0221 22:34:36.423031   28044 watch.go:40] Failed to load config from "c:\\Users\\filip\\Desktop\\projects\\flauc\\aj-game-room\\dataconnect": could not find dataconnect.yaml in `c:\Users\filip\Desktop\projects\flauc\aj-game-room\dataconnect`
 {"metadata":{"emulator":{"name":"dataconnect"},"message":"E0221 22:34:36.423031   28044 watch.go:40] Failed to load config from \"c:\\\\Users\\\\filip\\\\Desktop\\\\projects\\\\flauc\\\\aj-game-room\\\\dataconnect\": could not find dataconnect.yaml in `c:\\Users\\filip\\Desktop\\projects\\flauc\\aj-game-room\\dataconnect`\n"}}
[debug] [2026-02-21T21:34:46.422Z] E0221 22:34:46.423053   28044 watch.go:40] Failed to load config from "c:\\Users\\filip\\Desktop\\projects\\flauc\\aj-game-room\\dataconnect": could not find dataconnect.yaml in `c:\Users\filip\Desktop\projects\flauc\aj-game-room\dataconnect`
 {"metadata":{"emulator":{"name":"dataconnect"},"message":"E0221 22:34:46.423053   28044 watch.go:40] Failed to load config from \"c:\\\\Users\\\\filip\\\\Desktop\\\\projects\\\\flauc\\\\aj-game-room\\\\dataconnect\": could not find dataconnect.yaml in `c:\\Users\\filip\\Desktop\\projects\\flauc\\aj-game-room\\dataconnect`\n"}}
[debug] [2026-02-21T21:34:56.423Z] E0221 22:34:56.422827   28044 watch.go:116] watchAllDir unable to walk dir `c:\Users\filip\Desktop\projects\flauc\aj-game-room\dataconnect`: CreateFile c:\Users\filip\Desktop\projects\flauc\aj-game-room\dataconnect: The system cannot find the file specified.
 {"metadata":{"emulator":{"name":"dataconnect"},"message":"E0221 22:34:56.422827   28044 watch.go:116] watchAllDir unable to walk dir `c:\\Users\\filip\\Desktop\\projects\\flauc\\aj-game-room\\dataconnect`: CreateFile c:\\Users\\filip\\Desktop\\projects\\flauc\\aj-game-room\\dataconnect: The system cannot find the file specified.\n"}}
[debug] [2026-02-21T21:34:56.424Z] E0221 22:34:56.423618   28044 watch.go:40] Failed to load config from "c:\\Users\\filip\\Desktop\\projects\\flauc\\aj-game-room\\dataconnect": could not find dataconnect.yaml in `c:\Users\filip\Desktop\projects\flauc\aj-game-room\dataconnect`
 {"metadata":{"emulator":{"name":"dataconnect"},"message":"E0221 22:34:56.423618   28044 watch.go:40] Failed to load config from \"c:\\\\Users\\\\filip\\\\Desktop\\\\projects\\\\flauc\\\\aj-game-room\\\\dataconnect\": could not find dataconnect.yaml in `c:\\Users\\filip\\Desktop\\projects\\flauc\\aj-game-room\\dataconnect`\n"}}
[debug] [2026-02-21T21:35:06.423Z] E0221 22:35:06.423795   28044 watch.go:40] Failed to load config from "c:\\Users\\filip\\Desktop\\projects\\flauc\\aj-game-room\\dataconnect": could not find dataconnect.yaml in `c:\Users\filip\Desktop\projects\flauc\aj-game-room\dataconnect`
 {"metadata":{"emulator":{"name":"dataconnect"},"message":"E0221 22:35:06.423795   28044 watch.go:40] Failed to load config from \"c:\\\\Users\\\\filip\\\\Desktop\\\\projects\\\\flauc\\\\aj-game-room\\\\dataconnect\": could not find dataconnect.yaml in `c:\\Users\\filip\\Desktop\\projects\\flauc\\aj-game-room\\dataconnect`\n"}}
[debug] [2026-02-21T21:35:16.422Z] E0221 22:35:16.422608   28044 watch.go:40] Failed to load config from "c:\\Users\\filip\\Desktop\\projects\\flauc\\aj-game-room\\dataconnect": could not find dataconnect.yaml in `c:\Users\filip\Desktop\projects\flauc\aj-game-room\dataconnect`
 {"metadata":{"emulator":{"name":"dataconnect"},"message":"E0221 22:35:16.422608   28044 watch.go:40] Failed to load config from \"c:\\\\Users\\\\filip\\\\Desktop\\\\projects\\\\flauc\\\\aj-game-room\\\\dataconnect\": could not find dataconnect.yaml in `c:\\Users\\filip\\Desktop\\projects\\flauc\\aj-game-room\\dataconnect`\n"}}
[debug] [2026-02-21T21:35:26.423Z] E0221 22:35:26.422814   28044 watch.go:40] Failed to load config from "c:\\Users\\filip\\Desktop\\projects\\flauc\\aj-game-room\\dataconnect": could not find dataconnect.yaml in `c:\Users\filip\Desktop\projects\flauc\aj-game-room\dataconnect`
 {"metadata":{"emulator":{"name":"dataconnect"},"message":"E0221 22:35:26.422814   28044 watch.go:40] Failed to load config from \"c:\\\\Users\\\\filip\\\\Desktop\\\\projects\\\\flauc\\\\aj-game-room\\\\dataconnect\": could not find dataconnect.yaml in `c:\\Users\\filip\\Desktop\\projects\\flauc\\aj-game-room\\dataconnect`\n"}}
[debug] [2026-02-21T21:35:36.424Z] E0221 22:35:36.424839   28044 watch.go:40] Failed to load config from "c:\\Users\\filip\\Desktop\\projects\\flauc\\aj-game-room\\dataconnect": could not find dataconnect.yaml in `c:\Users\filip\Desktop\projects\flauc\aj-game-room\dataconnect`
 {"metadata":{"emulator":{"name":"dataconnect"},"message":"E0221 22:35:36.424839   28044 watch.go:40] Failed to load config from \"c:\\\\Users\\\\filip\\\\Desktop\\\\projects\\\\flauc\\\\aj-game-room\\\\dataconnect\": could not find dataconnect.yaml in `c:\\Users\\filip\\Desktop\\projects\\flauc\\aj-game-room\\dataconnect`\n"}}
[debug] [2026-02-21T21:35:46.424Z] E0221 22:35:46.424994   28044 watch.go:40] Failed to load config from "c:\\Users\\filip\\Desktop\\projects\\flauc\\aj-game-room\\dataconnect": could not find dataconnect.yaml in `c:\Users\filip\Desktop\projects\flauc\aj-game-room\dataconnect`
 {"metadata":{"emulator":{"name":"dataconnect"},"message":"E0221 22:35:46.424994   28044 watch.go:40] Failed to load config from \"c:\\\\Users\\\\filip\\\\Desktop\\\\projects\\\\flauc\\\\aj-game-room\\\\dataconnect\": could not find dataconnect.yaml in `c:\\Users\\filip\\Desktop\\projects\\flauc\\aj-game-room\\dataconnect`\n"}}
[debug] [2026-02-21T21:35:56.421Z] E0221 22:35:56.422854   28044 watch.go:116] watchAllDir unable to walk dir `c:\Users\filip\Desktop\projects\flauc\aj-game-room\dataconnect`: CreateFile c:\Users\filip\Desktop\projects\flauc\aj-game-room\dataconnect: The system cannot find the file specified.
 {"metadata":{"emulator":{"name":"dataconnect"},"message":"E0221 22:35:56.422854   28044 watch.go:116] watchAllDir unable to walk dir `c:\\Users\\filip\\Desktop\\projects\\flauc\\aj-game-room\\dataconnect`: CreateFile c:\\Users\\filip\\Desktop\\projects\\flauc\\aj-game-room\\dataconnect: The system cannot find the file specified.\n"}}
[debug] [2026-02-21T21:35:56.423Z] E0221 22:35:56.423364   28044 watch.go:40] Failed to load config from "c:\\Users\\filip\\Desktop\\projects\\flauc\\aj-game-room\\dataconnect": could not find dataconnect.yaml in `c:\Users\filip\Desktop\projects\flauc\aj-game-room\dataconnect`
 {"metadata":{"emulator":{"name":"dataconnect"},"message":"E0221 22:35:56.423364   28044 watch.go:40] Failed to load config from \"c:\\\\Users\\\\filip\\\\Desktop\\\\projects\\\\flauc\\\\aj-game-room\\\\dataconnect\": could not find dataconnect.yaml in `c:\\Users\\filip\\Desktop\\projects\\flauc\\aj-game-room\\dataconnect`\n"}}
[debug] [2026-02-21T21:36:06.422Z] E0221 22:36:06.423400   28044 watch.go:40] Failed to load config from "c:\\Users\\filip\\Desktop\\projects\\flauc\\aj-game-room\\dataconnect": could not find dataconnect.yaml in `c:\Users\filip\Desktop\projects\flauc\aj-game-room\dataconnect`
 {"metadata":{"emulator":{"name":"dataconnect"},"message":"E0221 22:36:06.423400   28044 watch.go:40] Failed to load config from \"c:\\\\Users\\\\filip\\\\Desktop\\\\projects\\\\flauc\\\\aj-game-room\\\\dataconnect\": could not find dataconnect.yaml in `c:\\Users\\filip\\Desktop\\projects\\flauc\\aj-game-room\\dataconnect`\n"}}
[debug] [2026-02-21T21:36:16.422Z] E0221 22:36:16.423650   28044 watch.go:40] Failed to load config from "c:\\Users\\filip\\Desktop\\projects\\flauc\\aj-game-room\\dataconnect": could not find dataconnect.yaml in `c:\Users\filip\Desktop\projects\flauc\aj-game-room\dataconnect`
 {"metadata":{"emulator":{"name":"dataconnect"},"message":"E0221 22:36:16.423650   28044 watch.go:40] Failed to load config from \"c:\\\\Users\\\\filip\\\\Desktop\\\\projects\\\\flauc\\\\aj-game-room\\\\dataconnect\": could not find dataconnect.yaml in `c:\\Users\\filip\\Desktop\\projects\\flauc\\aj-game-room\\dataconnect`\n"}}
[debug] [2026-02-21T21:36:26.423Z] E0221 22:36:26.423982   28044 watch.go:40] Failed to load config from "c:\\Users\\filip\\Desktop\\projects\\flauc\\aj-game-room\\dataconnect": could not find dataconnect.yaml in `c:\Users\filip\Desktop\projects\flauc\aj-game-room\dataconnect`
 {"metadata":{"emulator":{"name":"dataconnect"},"message":"E0221 22:36:26.423982   28044 watch.go:40] Failed to load config from \"c:\\\\Users\\\\filip\\\\Desktop\\\\projects\\\\flauc\\\\aj-game-room\\\\dataconnect\": could not find dataconnect.yaml in `c:\\Users\\filip\\Desktop\\projects\\flauc\\aj-game-room\\dataconnect`\n"}}
[debug] [2026-02-21T21:36:36.422Z] E0221 22:36:36.422550   28044 watch.go:40] Failed to load config from "c:\\Users\\filip\\Desktop\\projects\\flauc\\aj-game-room\\dataconnect": could not find dataconnect.yaml in `c:\Users\filip\Desktop\projects\flauc\aj-game-room\dataconnect`
 {"metadata":{"emulator":{"name":"dataconnect"},"message":"E0221 22:36:36.422550   28044 watch.go:40] Failed to load config from \"c:\\\\Users\\\\filip\\\\Desktop\\\\projects\\\\flauc\\\\aj-game-room\\\\dataconnect\": could not find dataconnect.yaml in `c:\\Users\\filip\\Desktop\\projects\\flauc\\aj-game-room\\dataconnect`\n"}}
[debug] [2026-02-21T21:36:46.422Z] E0221 22:36:46.422342   28044 watch.go:40] Failed to load config from "c:\\Users\\filip\\Desktop\\projects\\flauc\\aj-game-room\\dataconnect": could not find dataconnect.yaml in `c:\Users\filip\Desktop\projects\flauc\aj-game-room\dataconnect`
 {"metadata":{"emulator":{"name":"dataconnect"},"message":"E0221 22:36:46.422342   28044 watch.go:40] Failed to load config from \"c:\\\\Users\\\\filip\\\\Desktop\\\\projects\\\\flauc\\\\aj-game-room\\\\dataconnect\": could not find dataconnect.yaml in `c:\\Users\\filip\\Desktop\\projects\\flauc\\aj-game-room\\dataconnect`\n"}}
[debug] [2026-02-21T21:36:56.435Z] E0221 22:36:56.430810   28044 watch.go:116] watchAllDir unable to walk dir `c:\Users\filip\Desktop\projects\flauc\aj-game-room\dataconnect`: CreateFile c:\Users\filip\Desktop\projects\flauc\aj-game-room\dataconnect: The system cannot find the file specified.
E0221 22:36:56.430810   28044 watch.go:40] Failed to load config from "c:\\Users\\filip\\Desktop\\projects\\flauc\\aj-game-room\\dataconnect": could not find dataconnect.yaml in `c:\Users\filip\Desktop\projects\flauc\aj-game-room\dataconnect`
 {"metadata":{"emulator":{"name":"dataconnect"},"message":"E0221 22:36:56.430810   28044 watch.go:116] watchAllDir unable to walk dir `c:\\Users\\filip\\Desktop\\projects\\flauc\\aj-game-room\\dataconnect`: CreateFile c:\\Users\\filip\\Desktop\\projects\\flauc\\aj-game-room\\dataconnect: The system cannot find the file specified.\nE0221 22:36:56.430810   28044 watch.go:40] Failed to load config from \"c:\\\\Users\\\\filip\\\\Desktop\\\\projects\\\\flauc\\\\aj-game-room\\\\dataconnect\": could not find dataconnect.yaml in `c:\\Users\\filip\\Desktop\\projects\\flauc\\aj-game-room\\dataconnect`\n"}}
[debug] [2026-02-21T21:37:06.423Z] E0221 22:37:06.423269   28044 watch.go:40] Failed to load config from "c:\\Users\\filip\\Desktop\\projects\\flauc\\aj-game-room\\dataconnect": could not find dataconnect.yaml in `c:\Users\filip\Desktop\projects\flauc\aj-game-room\dataconnect`
 {"metadata":{"emulator":{"name":"dataconnect"},"message":"E0221 22:37:06.423269   28044 watch.go:40] Failed to load config from \"c:\\\\Users\\\\filip\\\\Desktop\\\\projects\\\\flauc\\\\aj-game-room\\\\dataconnect\": could not find dataconnect.yaml in `c:\\Users\\filip\\Desktop\\projects\\flauc\\aj-game-room\\dataconnect`\n"}}
[debug] [2026-02-21T21:37:16.424Z] E0221 22:37:16.425298   28044 watch.go:40] Failed to load config from "c:\\Users\\filip\\Desktop\\projects\\flauc\\aj-game-room\\dataconnect": could not find dataconnect.yaml in `c:\Users\filip\Desktop\projects\flauc\aj-game-room\dataconnect`
 {"metadata":{"emulator":{"name":"dataconnect"},"message":"E0221 22:37:16.425298   28044 watch.go:40] Failed to load config from \"c:\\\\Users\\\\filip\\\\Desktop\\\\projects\\\\flauc\\\\aj-game-room\\\\dataconnect\": could not find dataconnect.yaml in `c:\\Users\\filip\\Desktop\\projects\\flauc\\aj-game-room\\dataconnect`\n"}}
[debug] [2026-02-21T21:37:26.423Z] E0221 22:37:26.423823   28044 watch.go:40] Failed to load config from "c:\\Users\\filip\\Desktop\\projects\\flauc\\aj-game-room\\dataconnect": could not find dataconnect.yaml in `c:\Users\filip\Desktop\projects\flauc\aj-game-room\dataconnect`
 {"metadata":{"emulator":{"name":"dataconnect"},"message":"E0221 22:37:26.423823   28044 watch.go:40] Failed to load config from \"c:\\\\Users\\\\filip\\\\Desktop\\\\projects\\\\flauc\\\\aj-game-room\\\\dataconnect\": could not find dataconnect.yaml in `c:\\Users\\filip\\Desktop\\projects\\flauc\\aj-game-room\\dataconnect`\n"}}
[debug] [2026-02-21T21:37:36.422Z] E0221 22:37:36.423415   28044 watch.go:40] Failed to load config from "c:\\Users\\filip\\Desktop\\projects\\flauc\\aj-game-room\\dataconnect": could not find dataconnect.yaml in `c:\Users\filip\Desktop\projects\flauc\aj-game-room\dataconnect`
 {"metadata":{"emulator":{"name":"dataconnect"},"message":"E0221 22:37:36.423415   28044 watch.go:40] Failed to load config from \"c:\\\\Users\\\\filip\\\\Desktop\\\\projects\\\\flauc\\\\aj-game-room\\\\dataconnect\": could not find dataconnect.yaml in `c:\\Users\\filip\\Desktop\\projects\\flauc\\aj-game-room\\dataconnect`\n"}}
[debug] [2026-02-21T21:37:46.422Z] E0221 22:37:46.422560   28044 watch.go:40] Failed to load config from "c:\\Users\\filip\\Desktop\\projects\\flauc\\aj-game-room\\dataconnect": could not find dataconnect.yaml in `c:\Users\filip\Desktop\projects\flauc\aj-game-room\dataconnect`
 {"metadata":{"emulator":{"name":"dataconnect"},"message":"E0221 22:37:46.422560   28044 watch.go:40] Failed to load config from \"c:\\\\Users\\\\filip\\\\Desktop\\\\projects\\\\flauc\\\\aj-game-room\\\\dataconnect\": could not find dataconnect.yaml in `c:\\Users\\filip\\Desktop\\projects\\flauc\\aj-game-room\\dataconnect`\n"}}
[debug] [2026-02-21T21:37:56.422Z] E0221 22:37:56.422396   28044 watch.go:116] watchAllDir unable to walk dir `c:\Users\filip\Desktop\projects\flauc\aj-game-room\dataconnect`: CreateFile c:\Users\filip\Desktop\projects\flauc\aj-game-room\dataconnect: The system cannot find the file specified.
 {"metadata":{"emulator":{"name":"dataconnect"},"message":"E0221 22:37:56.422396   28044 watch.go:116] watchAllDir unable to walk dir `c:\\Users\\filip\\Desktop\\projects\\flauc\\aj-game-room\\dataconnect`: CreateFile c:\\Users\\filip\\Desktop\\projects\\flauc\\aj-game-room\\dataconnect: The system cannot find the file specified.\n"}}
[debug] [2026-02-21T21:37:56.423Z] E0221 22:37:56.422396   28044 watch.go:40] Failed to load config from "c:\\Users\\filip\\Desktop\\projects\\flauc\\aj-game-room\\dataconnect": could not find dataconnect.yaml in `c:\Users\filip\Desktop\projects\flauc\aj-game-room\dataconnect`
 {"metadata":{"emulator":{"name":"dataconnect"},"message":"E0221 22:37:56.422396   28044 watch.go:40] Failed to load config from \"c:\\\\Users\\\\filip\\\\Desktop\\\\projects\\\\flauc\\\\aj-game-room\\\\dataconnect\": could not find dataconnect.yaml in `c:\\Users\\filip\\Desktop\\projects\\flauc\\aj-game-room\\dataconnect`\n"}}
[debug] [2026-02-21T21:38:06.422Z] E0221 22:38:06.422437   28044 watch.go:40] Failed to load config from "c:\\Users\\filip\\Desktop\\projects\\flauc\\aj-game-room\\dataconnect": could not find dataconnect.yaml in `c:\Users\filip\Desktop\projects\flauc\aj-game-room\dataconnect`
 {"metadata":{"emulator":{"name":"dataconnect"},"message":"E0221 22:38:06.422437   28044 watch.go:40] Failed to load config from \"c:\\\\Users\\\\filip\\\\Desktop\\\\projects\\\\flauc\\\\aj-game-room\\\\dataconnect\": could not find dataconnect.yaml in `c:\\Users\\filip\\Desktop\\projects\\flauc\\aj-game-room\\dataconnect`\n"}}
[debug] [2026-02-21T21:38:16.423Z] E0221 22:38:16.422788   28044 watch.go:40] Failed to load config from "c:\\Users\\filip\\Desktop\\projects\\flauc\\aj-game-room\\dataconnect": could not find dataconnect.yaml in `c:\Users\filip\Desktop\projects\flauc\aj-game-room\dataconnect`
 {"metadata":{"emulator":{"name":"dataconnect"},"message":"E0221 22:38:16.422788   28044 watch.go:40] Failed to load config from \"c:\\\\Users\\\\filip\\\\Desktop\\\\projects\\\\flauc\\\\aj-game-room\\\\dataconnect\": could not find dataconnect.yaml in `c:\\Users\\filip\\Desktop\\projects\\flauc\\aj-game-room\\dataconnect`\n"}}
[debug] [2026-02-21T21:38:26.423Z] E0221 22:38:26.423002   28044 watch.go:40] Failed to load config from "c:\\Users\\filip\\Desktop\\projects\\flauc\\aj-game-room\\dataconnect": could not find dataconnect.yaml in `c:\Users\filip\Desktop\projects\flauc\aj-game-room\dataconnect`
 {"metadata":{"emulator":{"name":"dataconnect"},"message":"E0221 22:38:26.423002   28044 watch.go:40] Failed to load config from \"c:\\\\Users\\\\filip\\\\Desktop\\\\projects\\\\flauc\\\\aj-game-room\\\\dataconnect\": could not find dataconnect.yaml in `c:\\Users\\filip\\Desktop\\projects\\flauc\\aj-game-room\\dataconnect`\n"}}
[debug] [2026-02-21T21:38:36.423Z] E0221 22:38:36.422722   28044 watch.go:40] Failed to load config from "c:\\Users\\filip\\Desktop\\projects\\flauc\\aj-game-room\\dataconnect": could not find dataconnect.yaml in `c:\Users\filip\Desktop\projects\flauc\aj-game-room\dataconnect`
 {"metadata":{"emulator":{"name":"dataconnect"},"message":"E0221 22:38:36.422722   28044 watch.go:40] Failed to load config from \"c:\\\\Users\\\\filip\\\\Desktop\\\\projects\\\\flauc\\\\aj-game-room\\\\dataconnect\": could not find dataconnect.yaml in `c:\\Users\\filip\\Desktop\\projects\\flauc\\aj-game-room\\dataconnect`\n"}}
[debug] [2026-02-21T21:38:46.422Z] E0221 22:38:46.422741   28044 watch.go:40] Failed to load config from "c:\\Users\\filip\\Desktop\\projects\\flauc\\aj-game-room\\dataconnect": could not find dataconnect.yaml in `c:\Users\filip\Desktop\projects\flauc\aj-game-room\dataconnect`
 {"metadata":{"emulator":{"name":"dataconnect"},"message":"E0221 22:38:46.422741   28044 watch.go:40] Failed to load config from \"c:\\\\Users\\\\filip\\\\Desktop\\\\projects\\\\flauc\\\\aj-game-room\\\\dataconnect\": could not find dataconnect.yaml in `c:\\Users\\filip\\Desktop\\projects\\flauc\\aj-game-room\\dataconnect`\n"}}
[debug] [2026-02-21T21:38:56.422Z] E0221 22:38:56.422700   28044 watch.go:116] watchAllDir unable to walk dir `c:\Users\filip\Desktop\projects\flauc\aj-game-room\dataconnect`: CreateFile c:\Users\filip\Desktop\projects\flauc\aj-game-room\dataconnect: The system cannot find the file specified.
 {"metadata":{"emulator":{"name":"dataconnect"},"message":"E0221 22:38:56.422700   28044 watch.go:116] watchAllDir unable to walk dir `c:\\Users\\filip\\Desktop\\projects\\flauc\\aj-game-room\\dataconnect`: CreateFile c:\\Users\\filip\\Desktop\\projects\\flauc\\aj-game-room\\dataconnect: The system cannot find the file specified.\n"}}
[debug] [2026-02-21T21:38:56.423Z] E0221 22:38:56.422700   28044 watch.go:40] Failed to load config from "c:\\Users\\filip\\Desktop\\projects\\flauc\\aj-game-room\\dataconnect": could not find dataconnect.yaml in `c:\Users\filip\Desktop\projects\flauc\aj-game-room\dataconnect`
 {"metadata":{"emulator":{"name":"dataconnect"},"message":"E0221 22:38:56.422700   28044 watch.go:40] Failed to load config from \"c:\\\\Users\\\\filip\\\\Desktop\\\\projects\\\\flauc\\\\aj-game-room\\\\dataconnect\": could not find dataconnect.yaml in `c:\\Users\\filip\\Desktop\\projects\\flauc\\aj-game-room\\dataconnect`\n"}}
[debug] [2026-02-21T21:39:06.423Z] E0221 22:39:06.423246   28044 watch.go:40] Failed to load config from "c:\\Users\\filip\\Desktop\\projects\\flauc\\aj-game-room\\dataconnect": could not find dataconnect.yaml in `c:\Users\filip\Desktop\projects\flauc\aj-game-room\dataconnect`
 {"metadata":{"emulator":{"name":"dataconnect"},"message":"E0221 22:39:06.423246   28044 watch.go:40] Failed to load config from \"c:\\\\Users\\\\filip\\\\Desktop\\\\projects\\\\flauc\\\\aj-game-room\\\\dataconnect\": could not find dataconnect.yaml in `c:\\Users\\filip\\Desktop\\projects\\flauc\\aj-game-room\\dataconnect`\n"}}
[debug] [2026-02-21T21:39:16.422Z] E0221 22:39:16.422865   28044 watch.go:40] Failed to load config from "c:\\Users\\filip\\Desktop\\projects\\flauc\\aj-game-room\\dataconnect": could not find dataconnect.yaml in `c:\Users\filip\Desktop\projects\flauc\aj-game-room\dataconnect`
 {"metadata":{"emulator":{"name":"dataconnect"},"message":"E0221 22:39:16.422865   28044 watch.go:40] Failed to load config from \"c:\\\\Users\\\\filip\\\\Desktop\\\\projects\\\\flauc\\\\aj-game-room\\\\dataconnect\": could not find dataconnect.yaml in `c:\\Users\\filip\\Desktop\\projects\\flauc\\aj-game-room\\dataconnect`\n"}}
[debug] [2026-02-21T21:39:26.422Z] E0221 22:39:26.422731   28044 watch.go:40] Failed to load config from "c:\\Users\\filip\\Desktop\\projects\\flauc\\aj-game-room\\dataconnect": could not find dataconnect.yaml in `c:\Users\filip\Desktop\projects\flauc\aj-game-room\dataconnect`
 {"metadata":{"emulator":{"name":"dataconnect"},"message":"E0221 22:39:26.422731   28044 watch.go:40] Failed to load config from \"c:\\\\Users\\\\filip\\\\Desktop\\\\projects\\\\flauc\\\\aj-game-room\\\\dataconnect\": could not find dataconnect.yaml in `c:\\Users\\filip\\Desktop\\projects\\flauc\\aj-game-room\\dataconnect`\n"}}
[debug] [2026-02-21T21:39:36.422Z] E0221 22:39:36.422674   28044 watch.go:40] Failed to load config from "c:\\Users\\filip\\Desktop\\projects\\flauc\\aj-game-room\\dataconnect": could not find dataconnect.yaml in `c:\Users\filip\Desktop\projects\flauc\aj-game-room\dataconnect`
 {"metadata":{"emulator":{"name":"dataconnect"},"message":"E0221 22:39:36.422674   28044 watch.go:40] Failed to load config from \"c:\\\\Users\\\\filip\\\\Desktop\\\\projects\\\\flauc\\\\aj-game-room\\\\dataconnect\": could not find dataconnect.yaml in `c:\\Users\\filip\\Desktop\\projects\\flauc\\aj-game-room\\dataconnect`\n"}}
[debug] [2026-02-21T21:39:46.422Z] E0221 22:39:46.422845   28044 watch.go:40] Failed to load config from "c:\\Users\\filip\\Desktop\\projects\\flauc\\aj-game-room\\dataconnect": could not find dataconnect.yaml in `c:\Users\filip\Desktop\projects\flauc\aj-game-room\dataconnect`
 {"metadata":{"emulator":{"name":"dataconnect"},"message":"E0221 22:39:46.422845   28044 watch.go:40] Failed to load config from \"c:\\\\Users\\\\filip\\\\Desktop\\\\projects\\\\flauc\\\\aj-game-room\\\\dataconnect\": could not find dataconnect.yaml in `c:\\Users\\filip\\Desktop\\projects\\flauc\\aj-game-room\\dataconnect`\n"}}
[debug] [2026-02-21T21:39:56.423Z] E0221 22:39:56.422716   28044 watch.go:116] watchAllDir unable to walk dir `c:\Users\filip\Desktop\projects\flauc\aj-game-room\dataconnect`: CreateFile c:\Users\filip\Desktop\projects\flauc\aj-game-room\dataconnect: The system cannot find the file specified.
 {"metadata":{"emulator":{"name":"dataconnect"},"message":"E0221 22:39:56.422716   28044 watch.go:116] watchAllDir unable to walk dir `c:\\Users\\filip\\Desktop\\projects\\flauc\\aj-game-room\\dataconnect`: CreateFile c:\\Users\\filip\\Desktop\\projects\\flauc\\aj-game-room\\dataconnect: The system cannot find the file specified.\n"}}
[debug] [2026-02-21T21:39:56.423Z] E0221 22:39:56.422716   28044 watch.go:40] Failed to load config from "c:\\Users\\filip\\Desktop\\projects\\flauc\\aj-game-room\\dataconnect": could not find dataconnect.yaml in `c:\Users\filip\Desktop\projects\flauc\aj-game-room\dataconnect`
 {"metadata":{"emulator":{"name":"dataconnect"},"message":"E0221 22:39:56.422716   28044 watch.go:40] Failed to load config from \"c:\\\\Users\\\\filip\\\\Desktop\\\\projects\\\\flauc\\\\aj-game-room\\\\dataconnect\": could not find dataconnect.yaml in `c:\\Users\\filip\\Desktop\\projects\\flauc\\aj-game-room\\dataconnect`\n"}}
[debug] [2026-02-21T21:40:06.422Z] E0221 22:40:06.422504   28044 watch.go:40] Failed to load config from "c:\\Users\\filip\\Desktop\\projects\\flauc\\aj-game-room\\dataconnect": could not find dataconnect.yaml in `c:\Users\filip\Desktop\projects\flauc\aj-game-room\dataconnect`
 {"metadata":{"emulator":{"name":"dataconnect"},"message":"E0221 22:40:06.422504   28044 watch.go:40] Failed to load config from \"c:\\\\Users\\\\filip\\\\Desktop\\\\projects\\\\flauc\\\\aj-game-room\\\\dataconnect\": could not find dataconnect.yaml in `c:\\Users\\filip\\Desktop\\projects\\flauc\\aj-game-room\\dataconnect`\n"}}
[debug] [2026-02-21T21:40:16.423Z] E0221 22:40:16.422865   28044 watch.go:40] Failed to load config from "c:\\Users\\filip\\Desktop\\projects\\flauc\\aj-game-room\\dataconnect": could not find dataconnect.yaml in `c:\Users\filip\Desktop\projects\flauc\aj-game-room\dataconnect`
 {"metadata":{"emulator":{"name":"dataconnect"},"message":"E0221 22:40:16.422865   28044 watch.go:40] Failed to load config from \"c:\\\\Users\\\\filip\\\\Desktop\\\\projects\\\\flauc\\\\aj-game-room\\\\dataconnect\": could not find dataconnect.yaml in `c:\\Users\\filip\\Desktop\\projects\\flauc\\aj-game-room\\dataconnect`\n"}}
[debug] [2026-02-21T21:40:26.423Z] E0221 22:40:26.422665   28044 watch.go:40] Failed to load config from "c:\\Users\\filip\\Desktop\\projects\\flauc\\aj-game-room\\dataconnect": could not find dataconnect.yaml in `c:\Users\filip\Desktop\projects\flauc\aj-game-room\dataconnect`
 {"metadata":{"emulator":{"name":"dataconnect"},"message":"E0221 22:40:26.422665   28044 watch.go:40] Failed to load config from \"c:\\\\Users\\\\filip\\\\Desktop\\\\projects\\\\flauc\\\\aj-game-room\\\\dataconnect\": could not find dataconnect.yaml in `c:\\Users\\filip\\Desktop\\projects\\flauc\\aj-game-room\\dataconnect`\n"}}
[debug] [2026-02-21T21:40:36.423Z] E0221 22:40:36.422703   28044 watch.go:40] Failed to load config from "c:\\Users\\filip\\Desktop\\projects\\flauc\\aj-game-room\\dataconnect": could not find dataconnect.yaml in `c:\Users\filip\Desktop\projects\flauc\aj-game-room\dataconnect`
 {"metadata":{"emulator":{"name":"dataconnect"},"message":"E0221 22:40:36.422703   28044 watch.go:40] Failed to load config from \"c:\\\\Users\\\\filip\\\\Desktop\\\\projects\\\\flauc\\\\aj-game-room\\\\dataconnect\": could not find dataconnect.yaml in `c:\\Users\\filip\\Desktop\\projects\\flauc\\aj-game-room\\dataconnect`\n"}}
[debug] [2026-02-21T21:40:46.423Z] E0221 22:40:46.423404   28044 watch.go:40] Failed to load config from "c:\\Users\\filip\\Desktop\\projects\\flauc\\aj-game-room\\dataconnect": could not find dataconnect.yaml in `c:\Users\filip\Desktop\projects\flauc\aj-game-room\dataconnect`
 {"metadata":{"emulator":{"name":"dataconnect"},"message":"E0221 22:40:46.423404   28044 watch.go:40] Failed to load config from \"c:\\\\Users\\\\filip\\\\Desktop\\\\projects\\\\flauc\\\\aj-game-room\\\\dataconnect\": could not find dataconnect.yaml in `c:\\Users\\filip\\Desktop\\projects\\flauc\\aj-game-room\\dataconnect`\n"}}
[debug] [2026-02-21T21:40:56.422Z] E0221 22:40:56.422708   28044 watch.go:116] watchAllDir unable to walk dir `c:\Users\filip\Desktop\projects\flauc\aj-game-room\dataconnect`: CreateFile c:\Users\filip\Desktop\projects\flauc\aj-game-room\dataconnect: The system cannot find the file specified.
 {"metadata":{"emulator":{"name":"dataconnect"},"message":"E0221 22:40:56.422708   28044 watch.go:116] watchAllDir unable to walk dir `c:\\Users\\filip\\Desktop\\projects\\flauc\\aj-game-room\\dataconnect`: CreateFile c:\\Users\\filip\\Desktop\\projects\\flauc\\aj-game-room\\dataconnect: The system cannot find the file specified.\n"}}
[debug] [2026-02-21T21:40:56.423Z] E0221 22:40:56.422708   28044 watch.go:40] Failed to load config from "c:\\Users\\filip\\Desktop\\projects\\flauc\\aj-game-room\\dataconnect": could not find dataconnect.yaml in `c:\Users\filip\Desktop\projects\flauc\aj-game-room\dataconnect`
 {"metadata":{"emulator":{"name":"dataconnect"},"message":"E0221 22:40:56.422708   28044 watch.go:40] Failed to load config from \"c:\\\\Users\\\\filip\\\\Desktop\\\\projects\\\\flauc\\\\aj-game-room\\\\dataconnect\": could not find dataconnect.yaml in `c:\\Users\\filip\\Desktop\\projects\\flauc\\aj-game-room\\dataconnect`\n"}}
[debug] [2026-02-21T21:41:06.422Z] E0221 22:41:06.422487   28044 watch.go:40] Failed to load config from "c:\\Users\\filip\\Desktop\\projects\\flauc\\aj-game-room\\dataconnect": could not find dataconnect.yaml in `c:\Users\filip\Desktop\projects\flauc\aj-game-room\dataconnect`
 {"metadata":{"emulator":{"name":"dataconnect"},"message":"E0221 22:41:06.422487   28044 watch.go:40] Failed to load config from \"c:\\\\Users\\\\filip\\\\Desktop\\\\projects\\\\flauc\\\\aj-game-room\\\\dataconnect\": could not find dataconnect.yaml in `c:\\Users\\filip\\Desktop\\projects\\flauc\\aj-game-room\\dataconnect`\n"}}
[debug] [2026-02-21T21:41:16.422Z] E0221 22:41:16.422446   28044 watch.go:40] Failed to load config from "c:\\Users\\filip\\Desktop\\projects\\flauc\\aj-game-room\\dataconnect": could not find dataconnect.yaml in `c:\Users\filip\Desktop\projects\flauc\aj-game-room\dataconnect`
 {"metadata":{"emulator":{"name":"dataconnect"},"message":"E0221 22:41:16.422446   28044 watch.go:40] Failed to load config from \"c:\\\\Users\\\\filip\\\\Desktop\\\\projects\\\\flauc\\\\aj-game-room\\\\dataconnect\": could not find dataconnect.yaml in `c:\\Users\\filip\\Desktop\\projects\\flauc\\aj-game-room\\dataconnect`\n"}}
[debug] [2026-02-21T21:41:26.422Z] E0221 22:41:26.422670   28044 watch.go:40] Failed to load config from "c:\\Users\\filip\\Desktop\\projects\\flauc\\aj-game-room\\dataconnect": could not find dataconnect.yaml in `c:\Users\filip\Desktop\projects\flauc\aj-game-room\dataconnect`
 {"metadata":{"emulator":{"name":"dataconnect"},"message":"E0221 22:41:26.422670   28044 watch.go:40] Failed to load config from \"c:\\\\Users\\\\filip\\\\Desktop\\\\projects\\\\flauc\\\\aj-game-room\\\\dataconnect\": could not find dataconnect.yaml in `c:\\Users\\filip\\Desktop\\projects\\flauc\\aj-game-room\\dataconnect`\n"}}
[debug] [2026-02-21T21:41:36.423Z] E0221 22:41:36.423577   28044 watch.go:40] Failed to load config from "c:\\Users\\filip\\Desktop\\projects\\flauc\\aj-game-room\\dataconnect": could not find dataconnect.yaml in `c:\Users\filip\Desktop\projects\flauc\aj-game-room\dataconnect`
 {"metadata":{"emulator":{"name":"dataconnect"},"message":"E0221 22:41:36.423577   28044 watch.go:40] Failed to load config from \"c:\\\\Users\\\\filip\\\\Desktop\\\\projects\\\\flauc\\\\aj-game-room\\\\dataconnect\": could not find dataconnect.yaml in `c:\\Users\\filip\\Desktop\\projects\\flauc\\aj-game-room\\dataconnect`\n"}}
[debug] [2026-02-21T21:41:46.423Z] E0221 22:41:46.423048   28044 watch.go:40] Failed to load config from "c:\\Users\\filip\\Desktop\\projects\\flauc\\aj-game-room\\dataconnect": could not find dataconnect.yaml in `c:\Users\filip\Desktop\projects\flauc\aj-game-room\dataconnect`
 {"metadata":{"emulator":{"name":"dataconnect"},"message":"E0221 22:41:46.423048   28044 watch.go:40] Failed to load config from \"c:\\\\Users\\\\filip\\\\Desktop\\\\projects\\\\flauc\\\\aj-game-room\\\\dataconnect\": could not find dataconnect.yaml in `c:\\Users\\filip\\Desktop\\projects\\flauc\\aj-game-room\\dataconnect`\n"}}
[debug] [2026-02-21T21:41:56.422Z] E0221 22:41:56.422610   28044 watch.go:116] watchAllDir unable to walk dir `c:\Users\filip\Desktop\projects\flauc\aj-game-room\dataconnect`: CreateFile c:\Users\filip\Desktop\projects\flauc\aj-game-room\dataconnect: The system cannot find the file specified.
 {"metadata":{"emulator":{"name":"dataconnect"},"message":"E0221 22:41:56.422610   28044 watch.go:116] watchAllDir unable to walk dir `c:\\Users\\filip\\Desktop\\projects\\flauc\\aj-game-room\\dataconnect`: CreateFile c:\\Users\\filip\\Desktop\\projects\\flauc\\aj-game-room\\dataconnect: The system cannot find the file specified.\n"}}
[debug] [2026-02-21T21:41:56.423Z] E0221 22:41:56.422610   28044 watch.go:40] Failed to load config from "c:\\Users\\filip\\Desktop\\projects\\flauc\\aj-game-room\\dataconnect": could not find dataconnect.yaml in `c:\Users\filip\Desktop\projects\flauc\aj-game-room\dataconnect`
 {"metadata":{"emulator":{"name":"dataconnect"},"message":"E0221 22:41:56.422610   28044 watch.go:40] Failed to load config from \"c:\\\\Users\\\\filip\\\\Desktop\\\\projects\\\\flauc\\\\aj-game-room\\\\dataconnect\": could not find dataconnect.yaml in `c:\\Users\\filip\\Desktop\\projects\\flauc\\aj-game-room\\dataconnect`\n"}}
[debug] [2026-02-21T21:42:06.423Z] E0221 22:42:06.423450   28044 watch.go:40] Failed to load config from "c:\\Users\\filip\\Desktop\\projects\\flauc\\aj-game-room\\dataconnect": could not find dataconnect.yaml in `c:\Users\filip\Desktop\projects\flauc\aj-game-room\dataconnect`
 {"metadata":{"emulator":{"name":"dataconnect"},"message":"E0221 22:42:06.423450   28044 watch.go:40] Failed to load config from \"c:\\\\Users\\\\filip\\\\Desktop\\\\projects\\\\flauc\\\\aj-game-room\\\\dataconnect\": could not find dataconnect.yaml in `c:\\Users\\filip\\Desktop\\projects\\flauc\\aj-game-room\\dataconnect`\n"}}
[debug] [2026-02-21T21:42:16.422Z] E0221 22:42:16.422537   28044 watch.go:40] Failed to load config from "c:\\Users\\filip\\Desktop\\projects\\flauc\\aj-game-room\\dataconnect": could not find dataconnect.yaml in `c:\Users\filip\Desktop\projects\flauc\aj-game-room\dataconnect`
 {"metadata":{"emulator":{"name":"dataconnect"},"message":"E0221 22:42:16.422537   28044 watch.go:40] Failed to load config from \"c:\\\\Users\\\\filip\\\\Desktop\\\\projects\\\\flauc\\\\aj-game-room\\\\dataconnect\": could not find dataconnect.yaml in `c:\\Users\\filip\\Desktop\\projects\\flauc\\aj-game-room\\dataconnect`\n"}}
[debug] [2026-02-21T21:42:26.423Z] E0221 22:42:26.423350   28044 watch.go:40] Failed to load config from "c:\\Users\\filip\\Desktop\\projects\\flauc\\aj-game-room\\dataconnect": could not find dataconnect.yaml in `c:\Users\filip\Desktop\projects\flauc\aj-game-room\dataconnect`
 {"metadata":{"emulator":{"name":"dataconnect"},"message":"E0221 22:42:26.423350   28044 watch.go:40] Failed to load config from \"c:\\\\Users\\\\filip\\\\Desktop\\\\projects\\\\flauc\\\\aj-game-room\\\\dataconnect\": could not find dataconnect.yaml in `c:\\Users\\filip\\Desktop\\projects\\flauc\\aj-game-room\\dataconnect`\n"}}
[debug] [2026-02-21T21:42:36.423Z] E0221 22:42:36.423414   28044 watch.go:40] Failed to load config from "c:\\Users\\filip\\Desktop\\projects\\flauc\\aj-game-room\\dataconnect": could not find dataconnect.yaml in `c:\Users\filip\Desktop\projects\flauc\aj-game-room\dataconnect`
 {"metadata":{"emulator":{"name":"dataconnect"},"message":"E0221 22:42:36.423414   28044 watch.go:40] Failed to load config from \"c:\\\\Users\\\\filip\\\\Desktop\\\\projects\\\\flauc\\\\aj-game-room\\\\dataconnect\": could not find dataconnect.yaml in `c:\\Users\\filip\\Desktop\\projects\\flauc\\aj-game-room\\dataconnect`\n"}}
[debug] [2026-02-21T21:42:46.422Z] E0221 22:42:46.422868   28044 watch.go:40] Failed to load config from "c:\\Users\\filip\\Desktop\\projects\\flauc\\aj-game-room\\dataconnect": could not find dataconnect.yaml in `c:\Users\filip\Desktop\projects\flauc\aj-game-room\dataconnect`
 {"metadata":{"emulator":{"name":"dataconnect"},"message":"E0221 22:42:46.422868   28044 watch.go:40] Failed to load config from \"c:\\\\Users\\\\filip\\\\Desktop\\\\projects\\\\flauc\\\\aj-game-room\\\\dataconnect\": could not find dataconnect.yaml in `c:\\Users\\filip\\Desktop\\projects\\flauc\\aj-game-room\\dataconnect`\n"}}
[debug] [2026-02-21T21:42:56.422Z] E0221 22:42:56.422712   28044 watch.go:116] watchAllDir unable to walk dir `c:\Users\filip\Desktop\projects\flauc\aj-game-room\dataconnect`: CreateFile c:\Users\filip\Desktop\projects\flauc\aj-game-room\dataconnect: The system cannot find the file specified.
 {"metadata":{"emulator":{"name":"dataconnect"},"message":"E0221 22:42:56.422712   28044 watch.go:116] watchAllDir unable to walk dir `c:\\Users\\filip\\Desktop\\projects\\flauc\\aj-game-room\\dataconnect`: CreateFile c:\\Users\\filip\\Desktop\\projects\\flauc\\aj-game-room\\dataconnect: The system cannot find the file specified.\n"}}
[debug] [2026-02-21T21:42:56.423Z] E0221 22:42:56.423348   28044 watch.go:40] Failed to load config from "c:\\Users\\filip\\Desktop\\projects\\flauc\\aj-game-room\\dataconnect": could not find dataconnect.yaml in `c:\Users\filip\Desktop\projects\flauc\aj-game-room\dataconnect`
 {"metadata":{"emulator":{"name":"dataconnect"},"message":"E0221 22:42:56.423348   28044 watch.go:40] Failed to load config from \"c:\\\\Users\\\\filip\\\\Desktop\\\\projects\\\\flauc\\\\aj-game-room\\\\dataconnect\": could not find dataconnect.yaml in `c:\\Users\\filip\\Desktop\\projects\\flauc\\aj-game-room\\dataconnect`\n"}}
[debug] [2026-02-21T21:43:06.423Z] E0221 22:43:06.423720   28044 watch.go:40] Failed to load config from "c:\\Users\\filip\\Desktop\\projects\\flauc\\aj-game-room\\dataconnect": could not find dataconnect.yaml in `c:\Users\filip\Desktop\projects\flauc\aj-game-room\dataconnect`
 {"metadata":{"emulator":{"name":"dataconnect"},"message":"E0221 22:43:06.423720   28044 watch.go:40] Failed to load config from \"c:\\\\Users\\\\filip\\\\Desktop\\\\projects\\\\flauc\\\\aj-game-room\\\\dataconnect\": could not find dataconnect.yaml in `c:\\Users\\filip\\Desktop\\projects\\flauc\\aj-game-room\\dataconnect`\n"}}
[debug] [2026-02-21T21:43:16.423Z] E0221 22:43:16.423623   28044 watch.go:40] Failed to load config from "c:\\Users\\filip\\Desktop\\projects\\flauc\\aj-game-room\\dataconnect": could not find dataconnect.yaml in `c:\Users\filip\Desktop\projects\flauc\aj-game-room\dataconnect`
 {"metadata":{"emulator":{"name":"dataconnect"},"message":"E0221 22:43:16.423623   28044 watch.go:40] Failed to load config from \"c:\\\\Users\\\\filip\\\\Desktop\\\\projects\\\\flauc\\\\aj-game-room\\\\dataconnect\": could not find dataconnect.yaml in `c:\\Users\\filip\\Desktop\\projects\\flauc\\aj-game-room\\dataconnect`\n"}}
[debug] [2026-02-21T21:43:26.422Z] E0221 22:43:26.422850   28044 watch.go:40] Failed to load config from "c:\\Users\\filip\\Desktop\\projects\\flauc\\aj-game-room\\dataconnect": could not find dataconnect.yaml in `c:\Users\filip\Desktop\projects\flauc\aj-game-room\dataconnect`
 {"metadata":{"emulator":{"name":"dataconnect"},"message":"E0221 22:43:26.422850   28044 watch.go:40] Failed to load config from \"c:\\\\Users\\\\filip\\\\Desktop\\\\projects\\\\flauc\\\\aj-game-room\\\\dataconnect\": could not find dataconnect.yaml in `c:\\Users\\filip\\Desktop\\projects\\flauc\\aj-game-room\\dataconnect`\n"}}
[debug] [2026-02-21T21:43:36.422Z] E0221 22:43:36.422507   28044 watch.go:40] Failed to load config from "c:\\Users\\filip\\Desktop\\projects\\flauc\\aj-game-room\\dataconnect": could not find dataconnect.yaml in `c:\Users\filip\Desktop\projects\flauc\aj-game-room\dataconnect`
 {"metadata":{"emulator":{"name":"dataconnect"},"message":"E0221 22:43:36.422507   28044 watch.go:40] Failed to load config from \"c:\\\\Users\\\\filip\\\\Desktop\\\\projects\\\\flauc\\\\aj-game-room\\\\dataconnect\": could not find dataconnect.yaml in `c:\\Users\\filip\\Desktop\\projects\\flauc\\aj-game-room\\dataconnect`\n"}}
[debug] [2026-02-21T21:43:46.422Z] E0221 22:43:46.422530   28044 watch.go:40] Failed to load config from "c:\\Users\\filip\\Desktop\\projects\\flauc\\aj-game-room\\dataconnect": could not find dataconnect.yaml in `c:\Users\filip\Desktop\projects\flauc\aj-game-room\dataconnect`
 {"metadata":{"emulator":{"name":"dataconnect"},"message":"E0221 22:43:46.422530   28044 watch.go:40] Failed to load config from \"c:\\\\Users\\\\filip\\\\Desktop\\\\projects\\\\flauc\\\\aj-game-room\\\\dataconnect\": could not find dataconnect.yaml in `c:\\Users\\filip\\Desktop\\projects\\flauc\\aj-game-room\\dataconnect`\n"}}
[debug] [2026-02-21T21:43:56.422Z] E0221 22:43:56.422684   28044 watch.go:116] watchAllDir unable to walk dir `c:\Users\filip\Desktop\projects\flauc\aj-game-room\dataconnect`: CreateFile c:\Users\filip\Desktop\projects\flauc\aj-game-room\dataconnect: The system cannot find the file specified.
 {"metadata":{"emulator":{"name":"dataconnect"},"message":"E0221 22:43:56.422684   28044 watch.go:116] watchAllDir unable to walk dir `c:\\Users\\filip\\Desktop\\projects\\flauc\\aj-game-room\\dataconnect`: CreateFile c:\\Users\\filip\\Desktop\\projects\\flauc\\aj-game-room\\dataconnect: The system cannot find the file specified.\n"}}
[debug] [2026-02-21T21:43:56.423Z] E0221 22:43:56.422684   28044 watch.go:40] Failed to load config from "c:\\Users\\filip\\Desktop\\projects\\flauc\\aj-game-room\\dataconnect": could not find dataconnect.yaml in `c:\Users\filip\Desktop\projects\flauc\aj-game-room\dataconnect`
 {"metadata":{"emulator":{"name":"dataconnect"},"message":"E0221 22:43:56.422684   28044 watch.go:40] Failed to load config from \"c:\\\\Users\\\\filip\\\\Desktop\\\\projects\\\\flauc\\\\aj-game-room\\\\dataconnect\": could not find dataconnect.yaml in `c:\\Users\\filip\\Desktop\\projects\\flauc\\aj-game-room\\dataconnect`\n"}}
[debug] [2026-02-21T21:44:06.423Z] E0221 22:44:06.423151   28044 watch.go:40] Failed to load config from "c:\\Users\\filip\\Desktop\\projects\\flauc\\aj-game-room\\dataconnect": could not find dataconnect.yaml in `c:\Users\filip\Desktop\projects\flauc\aj-game-room\dataconnect`
 {"metadata":{"emulator":{"name":"dataconnect"},"message":"E0221 22:44:06.423151   28044 watch.go:40] Failed to load config from \"c:\\\\Users\\\\filip\\\\Desktop\\\\projects\\\\flauc\\\\aj-game-room\\\\dataconnect\": could not find dataconnect.yaml in `c:\\Users\\filip\\Desktop\\projects\\flauc\\aj-game-room\\dataconnect`\n"}}
[debug] [2026-02-21T21:44:16.422Z] E0221 22:44:16.422780   28044 watch.go:40] Failed to load config from "c:\\Users\\filip\\Desktop\\projects\\flauc\\aj-game-room\\dataconnect": could not find dataconnect.yaml in `c:\Users\filip\Desktop\projects\flauc\aj-game-room\dataconnect`
 {"metadata":{"emulator":{"name":"dataconnect"},"message":"E0221 22:44:16.422780   28044 watch.go:40] Failed to load config from \"c:\\\\Users\\\\filip\\\\Desktop\\\\projects\\\\flauc\\\\aj-game-room\\\\dataconnect\": could not find dataconnect.yaml in `c:\\Users\\filip\\Desktop\\projects\\flauc\\aj-game-room\\dataconnect`\n"}}
[debug] [2026-02-21T21:44:26.422Z] E0221 22:44:26.422820   28044 watch.go:40] Failed to load config from "c:\\Users\\filip\\Desktop\\projects\\flauc\\aj-game-room\\dataconnect": could not find dataconnect.yaml in `c:\Users\filip\Desktop\projects\flauc\aj-game-room\dataconnect`
 {"metadata":{"emulator":{"name":"dataconnect"},"message":"E0221 22:44:26.422820   28044 watch.go:40] Failed to load config from \"c:\\\\Users\\\\filip\\\\Desktop\\\\projects\\\\flauc\\\\aj-game-room\\\\dataconnect\": could not find dataconnect.yaml in `c:\\Users\\filip\\Desktop\\projects\\flauc\\aj-game-room\\dataconnect`\n"}}
[debug] [2026-02-21T21:44:36.422Z] E0221 22:44:36.422476   28044 watch.go:40] Failed to load config from "c:\\Users\\filip\\Desktop\\projects\\flauc\\aj-game-room\\dataconnect": could not find dataconnect.yaml in `c:\Users\filip\Desktop\projects\flauc\aj-game-room\dataconnect`
 {"metadata":{"emulator":{"name":"dataconnect"},"message":"E0221 22:44:36.422476   28044 watch.go:40] Failed to load config from \"c:\\\\Users\\\\filip\\\\Desktop\\\\projects\\\\flauc\\\\aj-game-room\\\\dataconnect\": could not find dataconnect.yaml in `c:\\Users\\filip\\Desktop\\projects\\flauc\\aj-game-room\\dataconnect`\n"}}
[debug] [2026-02-21T21:44:46.422Z] E0221 22:44:46.422631   28044 watch.go:40] Failed to load config from "c:\\Users\\filip\\Desktop\\projects\\flauc\\aj-game-room\\dataconnect": could not find dataconnect.yaml in `c:\Users\filip\Desktop\projects\flauc\aj-game-room\dataconnect`
 {"metadata":{"emulator":{"name":"dataconnect"},"message":"E0221 22:44:46.422631   28044 watch.go:40] Failed to load config from \"c:\\\\Users\\\\filip\\\\Desktop\\\\projects\\\\flauc\\\\aj-game-room\\\\dataconnect\": could not find dataconnect.yaml in `c:\\Users\\filip\\Desktop\\projects\\flauc\\aj-game-room\\dataconnect`\n"}}
[debug] [2026-02-21T21:44:56.422Z] E0221 22:44:56.422852   28044 watch.go:116] watchAllDir unable to walk dir `c:\Users\filip\Desktop\projects\flauc\aj-game-room\dataconnect`: CreateFile c:\Users\filip\Desktop\projects\flauc\aj-game-room\dataconnect: The system cannot find the file specified.
 {"metadata":{"emulator":{"name":"dataconnect"},"message":"E0221 22:44:56.422852   28044 watch.go:116] watchAllDir unable to walk dir `c:\\Users\\filip\\Desktop\\projects\\flauc\\aj-game-room\\dataconnect`: CreateFile c:\\Users\\filip\\Desktop\\projects\\flauc\\aj-game-room\\dataconnect: The system cannot find the file specified.\n"}}
[debug] [2026-02-21T21:44:56.423Z] E0221 22:44:56.422852   28044 watch.go:40] Failed to load config from "c:\\Users\\filip\\Desktop\\projects\\flauc\\aj-game-room\\dataconnect": could not find dataconnect.yaml in `c:\Users\filip\Desktop\projects\flauc\aj-game-room\dataconnect`
 {"metadata":{"emulator":{"name":"dataconnect"},"message":"E0221 22:44:56.422852   28044 watch.go:40] Failed to load config from \"c:\\\\Users\\\\filip\\\\Desktop\\\\projects\\\\flauc\\\\aj-game-room\\\\dataconnect\": could not find dataconnect.yaml in `c:\\Users\\filip\\Desktop\\projects\\flauc\\aj-game-room\\dataconnect`\n"}}
[debug] [2026-02-21T21:45:06.423Z] E0221 22:45:06.423118   28044 watch.go:40] Failed to load config from "c:\\Users\\filip\\Desktop\\projects\\flauc\\aj-game-room\\dataconnect": could not find dataconnect.yaml in `c:\Users\filip\Desktop\projects\flauc\aj-game-room\dataconnect`
 {"metadata":{"emulator":{"name":"dataconnect"},"message":"E0221 22:45:06.423118   28044 watch.go:40] Failed to load config from \"c:\\\\Users\\\\filip\\\\Desktop\\\\projects\\\\flauc\\\\aj-game-room\\\\dataconnect\": could not find dataconnect.yaml in `c:\\Users\\filip\\Desktop\\projects\\flauc\\aj-game-room\\dataconnect`\n"}}
[debug] [2026-02-21T21:45:16.422Z] E0221 22:45:16.422405   28044 watch.go:40] Failed to load config from "c:\\Users\\filip\\Desktop\\projects\\flauc\\aj-game-room\\dataconnect": could not find dataconnect.yaml in `c:\Users\filip\Desktop\projects\flauc\aj-game-room\dataconnect`
 {"metadata":{"emulator":{"name":"dataconnect"},"message":"E0221 22:45:16.422405   28044 watch.go:40] Failed to load config from \"c:\\\\Users\\\\filip\\\\Desktop\\\\projects\\\\flauc\\\\aj-game-room\\\\dataconnect\": could not find dataconnect.yaml in `c:\\Users\\filip\\Desktop\\projects\\flauc\\aj-game-room\\dataconnect`\n"}}
[debug] [2026-02-21T21:45:26.423Z] E0221 22:45:26.422790   28044 watch.go:40] Failed to load config from "c:\\Users\\filip\\Desktop\\projects\\flauc\\aj-game-room\\dataconnect": could not find dataconnect.yaml in `c:\Users\filip\Desktop\projects\flauc\aj-game-room\dataconnect`
 {"metadata":{"emulator":{"name":"dataconnect"},"message":"E0221 22:45:26.422790   28044 watch.go:40] Failed to load config from \"c:\\\\Users\\\\filip\\\\Desktop\\\\projects\\\\flauc\\\\aj-game-room\\\\dataconnect\": could not find dataconnect.yaml in `c:\\Users\\filip\\Desktop\\projects\\flauc\\aj-game-room\\dataconnect`\n"}}
[debug] [2026-02-21T21:45:36.423Z] E0221 22:45:36.423382   28044 watch.go:40] Failed to load config from "c:\\Users\\filip\\Desktop\\projects\\flauc\\aj-game-room\\dataconnect": could not find dataconnect.yaml in `c:\Users\filip\Desktop\projects\flauc\aj-game-room\dataconnect`
 {"metadata":{"emulator":{"name":"dataconnect"},"message":"E0221 22:45:36.423382   28044 watch.go:40] Failed to load config from \"c:\\\\Users\\\\filip\\\\Desktop\\\\projects\\\\flauc\\\\aj-game-room\\\\dataconnect\": could not find dataconnect.yaml in `c:\\Users\\filip\\Desktop\\projects\\flauc\\aj-game-room\\dataconnect`\n"}}
[debug] [2026-02-21T21:45:46.422Z] E0221 22:45:46.422588   28044 watch.go:40] Failed to load config from "c:\\Users\\filip\\Desktop\\projects\\flauc\\aj-game-room\\dataconnect": could not find dataconnect.yaml in `c:\Users\filip\Desktop\projects\flauc\aj-game-room\dataconnect`
 {"metadata":{"emulator":{"name":"dataconnect"},"message":"E0221 22:45:46.422588   28044 watch.go:40] Failed to load config from \"c:\\\\Users\\\\filip\\\\Desktop\\\\projects\\\\flauc\\\\aj-game-room\\\\dataconnect\": could not find dataconnect.yaml in `c:\\Users\\filip\\Desktop\\projects\\flauc\\aj-game-room\\dataconnect`\n"}}
[debug] [2026-02-21T21:45:56.422Z] E0221 22:45:56.422707   28044 watch.go:116] watchAllDir unable to walk dir `c:\Users\filip\Desktop\projects\flauc\aj-game-room\dataconnect`: CreateFile c:\Users\filip\Desktop\projects\flauc\aj-game-room\dataconnect: The system cannot find the file specified.
 {"metadata":{"emulator":{"name":"dataconnect"},"message":"E0221 22:45:56.422707   28044 watch.go:116] watchAllDir unable to walk dir `c:\\Users\\filip\\Desktop\\projects\\flauc\\aj-game-room\\dataconnect`: CreateFile c:\\Users\\filip\\Desktop\\projects\\flauc\\aj-game-room\\dataconnect: The system cannot find the file specified.\n"}}
[debug] [2026-02-21T21:45:56.423Z] E0221 22:45:56.423140   28044 watch.go:40] Failed to load config from "c:\\Users\\filip\\Desktop\\projects\\flauc\\aj-game-room\\dataconnect": could not find dataconnect.yaml in `c:\Users\filip\Desktop\projects\flauc\aj-game-room\dataconnect`
 {"metadata":{"emulator":{"name":"dataconnect"},"message":"E0221 22:45:56.423140   28044 watch.go:40] Failed to load config from \"c:\\\\Users\\\\filip\\\\Desktop\\\\projects\\\\flauc\\\\aj-game-room\\\\dataconnect\": could not find dataconnect.yaml in `c:\\Users\\filip\\Desktop\\projects\\flauc\\aj-game-room\\dataconnect`\n"}}
[debug] [2026-02-21T21:46:06.423Z] E0221 22:46:06.423482   28044 watch.go:40] Failed to load config from "c:\\Users\\filip\\Desktop\\projects\\flauc\\aj-game-room\\dataconnect": could not find dataconnect.yaml in `c:\Users\filip\Desktop\projects\flauc\aj-game-room\dataconnect`
 {"metadata":{"emulator":{"name":"dataconnect"},"message":"E0221 22:46:06.423482   28044 watch.go:40] Failed to load config from \"c:\\\\Users\\\\filip\\\\Desktop\\\\projects\\\\flauc\\\\aj-game-room\\\\dataconnect\": could not find dataconnect.yaml in `c:\\Users\\filip\\Desktop\\projects\\flauc\\aj-game-room\\dataconnect`\n"}}
[debug] [2026-02-21T21:46:16.422Z] E0221 22:46:16.422997   28044 watch.go:40] Failed to load config from "c:\\Users\\filip\\Desktop\\projects\\flauc\\aj-game-room\\dataconnect": could not find dataconnect.yaml in `c:\Users\filip\Desktop\projects\flauc\aj-game-room\dataconnect`
 {"metadata":{"emulator":{"name":"dataconnect"},"message":"E0221 22:46:16.422997   28044 watch.go:40] Failed to load config from \"c:\\\\Users\\\\filip\\\\Desktop\\\\projects\\\\flauc\\\\aj-game-room\\\\dataconnect\": could not find dataconnect.yaml in `c:\\Users\\filip\\Desktop\\projects\\flauc\\aj-game-room\\dataconnect`\n"}}
[debug] [2026-02-21T21:46:26.422Z] E0221 22:46:26.422403   28044 watch.go:40] Failed to load config from "c:\\Users\\filip\\Desktop\\projects\\flauc\\aj-game-room\\dataconnect": could not find dataconnect.yaml in `c:\Users\filip\Desktop\projects\flauc\aj-game-room\dataconnect`
 {"metadata":{"emulator":{"name":"dataconnect"},"message":"E0221 22:46:26.422403   28044 watch.go:40] Failed to load config from \"c:\\\\Users\\\\filip\\\\Desktop\\\\projects\\\\flauc\\\\aj-game-room\\\\dataconnect\": could not find dataconnect.yaml in `c:\\Users\\filip\\Desktop\\projects\\flauc\\aj-game-room\\dataconnect`\n"}}
[debug] [2026-02-21T21:46:36.422Z] E0221 22:46:36.422730   28044 watch.go:40] Failed to load config from "c:\\Users\\filip\\Desktop\\projects\\flauc\\aj-game-room\\dataconnect": could not find dataconnect.yaml in `c:\Users\filip\Desktop\projects\flauc\aj-game-room\dataconnect`
 {"metadata":{"emulator":{"name":"dataconnect"},"message":"E0221 22:46:36.422730   28044 watch.go:40] Failed to load config from \"c:\\\\Users\\\\filip\\\\Desktop\\\\projects\\\\flauc\\\\aj-game-room\\\\dataconnect\": could not find dataconnect.yaml in `c:\\Users\\filip\\Desktop\\projects\\flauc\\aj-game-room\\dataconnect`\n"}}
[debug] [2026-02-21T21:46:46.423Z] E0221 22:46:46.423425   28044 watch.go:40] Failed to load config from "c:\\Users\\filip\\Desktop\\projects\\flauc\\aj-game-room\\dataconnect": could not find dataconnect.yaml in `c:\Users\filip\Desktop\projects\flauc\aj-game-room\dataconnect`
 {"metadata":{"emulator":{"name":"dataconnect"},"message":"E0221 22:46:46.423425   28044 watch.go:40] Failed to load config from \"c:\\\\Users\\\\filip\\\\Desktop\\\\projects\\\\flauc\\\\aj-game-room\\\\dataconnect\": could not find dataconnect.yaml in `c:\\Users\\filip\\Desktop\\projects\\flauc\\aj-game-room\\dataconnect`\n"}}
[debug] [2026-02-21T21:46:56.423Z] E0221 22:46:56.422762   28044 watch.go:116] watchAllDir unable to walk dir `c:\Users\filip\Desktop\projects\flauc\aj-game-room\dataconnect`: CreateFile c:\Users\filip\Desktop\projects\flauc\aj-game-room\dataconnect: The system cannot find the file specified.
 {"metadata":{"emulator":{"name":"dataconnect"},"message":"E0221 22:46:56.422762   28044 watch.go:116] watchAllDir unable to walk dir `c:\\Users\\filip\\Desktop\\projects\\flauc\\aj-game-room\\dataconnect`: CreateFile c:\\Users\\filip\\Desktop\\projects\\flauc\\aj-game-room\\dataconnect: The system cannot find the file specified.\n"}}
[debug] [2026-02-21T21:46:56.424Z] E0221 22:46:56.423148   28044 watch.go:40] Failed to load config from "c:\\Users\\filip\\Desktop\\projects\\flauc\\aj-game-room\\dataconnect": could not find dataconnect.yaml in `c:\Users\filip\Desktop\projects\flauc\aj-game-room\dataconnect`
 {"metadata":{"emulator":{"name":"dataconnect"},"message":"E0221 22:46:56.423148   28044 watch.go:40] Failed to load config from \"c:\\\\Users\\\\filip\\\\Desktop\\\\projects\\\\flauc\\\\aj-game-room\\\\dataconnect\": could not find dataconnect.yaml in `c:\\Users\\filip\\Desktop\\projects\\flauc\\aj-game-room\\dataconnect`\n"}}
[debug] [2026-02-21T21:47:06.423Z] E0221 22:47:06.423015   28044 watch.go:40] Failed to load config from "c:\\Users\\filip\\Desktop\\projects\\flauc\\aj-game-room\\dataconnect": could not find dataconnect.yaml in `c:\Users\filip\Desktop\projects\flauc\aj-game-room\dataconnect`
 {"metadata":{"emulator":{"name":"dataconnect"},"message":"E0221 22:47:06.423015   28044 watch.go:40] Failed to load config from \"c:\\\\Users\\\\filip\\\\Desktop\\\\projects\\\\flauc\\\\aj-game-room\\\\dataconnect\": could not find dataconnect.yaml in `c:\\Users\\filip\\Desktop\\projects\\flauc\\aj-game-room\\dataconnect`\n"}}
[debug] [2026-02-21T21:47:16.424Z] E0221 22:47:16.423588   28044 watch.go:40] Failed to load config from "c:\\Users\\filip\\Desktop\\projects\\flauc\\aj-game-room\\dataconnect": could not find dataconnect.yaml in `c:\Users\filip\Desktop\projects\flauc\aj-game-room\dataconnect`
 {"metadata":{"emulator":{"name":"dataconnect"},"message":"E0221 22:47:16.423588   28044 watch.go:40] Failed to load config from \"c:\\\\Users\\\\filip\\\\Desktop\\\\projects\\\\flauc\\\\aj-game-room\\\\dataconnect\": could not find dataconnect.yaml in `c:\\Users\\filip\\Desktop\\projects\\flauc\\aj-game-room\\dataconnect`\n"}}
[debug] [2026-02-21T21:47:26.423Z] E0221 22:47:26.422788   28044 watch.go:40] Failed to load config from "c:\\Users\\filip\\Desktop\\projects\\flauc\\aj-game-room\\dataconnect": could not find dataconnect.yaml in `c:\Users\filip\Desktop\projects\flauc\aj-game-room\dataconnect`
 {"metadata":{"emulator":{"name":"dataconnect"},"message":"E0221 22:47:26.422788   28044 watch.go:40] Failed to load config from \"c:\\\\Users\\\\filip\\\\Desktop\\\\projects\\\\flauc\\\\aj-game-room\\\\dataconnect\": could not find dataconnect.yaml in `c:\\Users\\filip\\Desktop\\projects\\flauc\\aj-game-room\\dataconnect`\n"}}
[debug] [2026-02-21T21:47:36.423Z] E0221 22:47:36.422871   28044 watch.go:40] Failed to load config from "c:\\Users\\filip\\Desktop\\projects\\flauc\\aj-game-room\\dataconnect": could not find dataconnect.yaml in `c:\Users\filip\Desktop\projects\flauc\aj-game-room\dataconnect`
 {"metadata":{"emulator":{"name":"dataconnect"},"message":"E0221 22:47:36.422871   28044 watch.go:40] Failed to load config from \"c:\\\\Users\\\\filip\\\\Desktop\\\\projects\\\\flauc\\\\aj-game-room\\\\dataconnect\": could not find dataconnect.yaml in `c:\\Users\\filip\\Desktop\\projects\\flauc\\aj-game-room\\dataconnect`\n"}}
[debug] [2026-02-21T21:47:46.423Z] E0221 22:47:46.422669   28044 watch.go:40] Failed to load config from "c:\\Users\\filip\\Desktop\\projects\\flauc\\aj-game-room\\dataconnect": could not find dataconnect.yaml in `c:\Users\filip\Desktop\projects\flauc\aj-game-room\dataconnect`
 {"metadata":{"emulator":{"name":"dataconnect"},"message":"E0221 22:47:46.422669   28044 watch.go:40] Failed to load config from \"c:\\\\Users\\\\filip\\\\Desktop\\\\projects\\\\flauc\\\\aj-game-room\\\\dataconnect\": could not find dataconnect.yaml in `c:\\Users\\filip\\Desktop\\projects\\flauc\\aj-game-room\\dataconnect`\n"}}
[debug] [2026-02-21T21:47:56.422Z] E0221 22:47:56.422529   28044 watch.go:116] watchAllDir unable to walk dir `c:\Users\filip\Desktop\projects\flauc\aj-game-room\dataconnect`: CreateFile c:\Users\filip\Desktop\projects\flauc\aj-game-room\dataconnect: The system cannot find the file specified.
 {"metadata":{"emulator":{"name":"dataconnect"},"message":"E0221 22:47:56.422529   28044 watch.go:116] watchAllDir unable to walk dir `c:\\Users\\filip\\Desktop\\projects\\flauc\\aj-game-room\\dataconnect`: CreateFile c:\\Users\\filip\\Desktop\\projects\\flauc\\aj-game-room\\dataconnect: The system cannot find the file specified.\n"}}
[debug] [2026-02-21T21:47:56.423Z] E0221 22:47:56.422529   28044 watch.go:40] Failed to load config from "c:\\Users\\filip\\Desktop\\projects\\flauc\\aj-game-room\\dataconnect": could not find dataconnect.yaml in `c:\Users\filip\Desktop\projects\flauc\aj-game-room\dataconnect`
 {"metadata":{"emulator":{"name":"dataconnect"},"message":"E0221 22:47:56.422529   28044 watch.go:40] Failed to load config from \"c:\\\\Users\\\\filip\\\\Desktop\\\\projects\\\\flauc\\\\aj-game-room\\\\dataconnect\": could not find dataconnect.yaml in `c:\\Users\\filip\\Desktop\\projects\\flauc\\aj-game-room\\dataconnect`\n"}}
[debug] [2026-02-21T21:48:06.423Z] E0221 22:48:06.422690   28044 watch.go:40] Failed to load config from "c:\\Users\\filip\\Desktop\\projects\\flauc\\aj-game-room\\dataconnect": could not find dataconnect.yaml in `c:\Users\filip\Desktop\projects\flauc\aj-game-room\dataconnect`
 {"metadata":{"emulator":{"name":"dataconnect"},"message":"E0221 22:48:06.422690   28044 watch.go:40] Failed to load config from \"c:\\\\Users\\\\filip\\\\Desktop\\\\projects\\\\flauc\\\\aj-game-room\\\\dataconnect\": could not find dataconnect.yaml in `c:\\Users\\filip\\Desktop\\projects\\flauc\\aj-game-room\\dataconnect`\n"}}
[debug] [2026-02-21T21:48:16.423Z] E0221 22:48:16.422685   28044 watch.go:40] Failed to load config from "c:\\Users\\filip\\Desktop\\projects\\flauc\\aj-game-room\\dataconnect": could not find dataconnect.yaml in `c:\Users\filip\Desktop\projects\flauc\aj-game-room\dataconnect`
 {"metadata":{"emulator":{"name":"dataconnect"},"message":"E0221 22:48:16.422685   28044 watch.go:40] Failed to load config from \"c:\\\\Users\\\\filip\\\\Desktop\\\\projects\\\\flauc\\\\aj-game-room\\\\dataconnect\": could not find dataconnect.yaml in `c:\\Users\\filip\\Desktop\\projects\\flauc\\aj-game-room\\dataconnect`\n"}}
[debug] [2026-02-21T21:48:26.422Z] E0221 22:48:26.422489   28044 watch.go:40] Failed to load config from "c:\\Users\\filip\\Desktop\\projects\\flauc\\aj-game-room\\dataconnect": could not find dataconnect.yaml in `c:\Users\filip\Desktop\projects\flauc\aj-game-room\dataconnect`
 {"metadata":{"emulator":{"name":"dataconnect"},"message":"E0221 22:48:26.422489   28044 watch.go:40] Failed to load config from \"c:\\\\Users\\\\filip\\\\Desktop\\\\projects\\\\flauc\\\\aj-game-room\\\\dataconnect\": could not find dataconnect.yaml in `c:\\Users\\filip\\Desktop\\projects\\flauc\\aj-game-room\\dataconnect`\n"}}
[debug] [2026-02-21T21:48:36.423Z] E0221 22:48:36.423226   28044 watch.go:40] Failed to load config from "c:\\Users\\filip\\Desktop\\projects\\flauc\\aj-game-room\\dataconnect": could not find dataconnect.yaml in `c:\Users\filip\Desktop\projects\flauc\aj-game-room\dataconnect`
 {"metadata":{"emulator":{"name":"dataconnect"},"message":"E0221 22:48:36.423226   28044 watch.go:40] Failed to load config from \"c:\\\\Users\\\\filip\\\\Desktop\\\\projects\\\\flauc\\\\aj-game-room\\\\dataconnect\": could not find dataconnect.yaml in `c:\\Users\\filip\\Desktop\\projects\\flauc\\aj-game-room\\dataconnect`\n"}}
[debug] [2026-02-21T21:48:46.423Z] E0221 22:48:46.423144   28044 watch.go:40] Failed to load config from "c:\\Users\\filip\\Desktop\\projects\\flauc\\aj-game-room\\dataconnect": could not find dataconnect.yaml in `c:\Users\filip\Desktop\projects\flauc\aj-game-room\dataconnect`
 {"metadata":{"emulator":{"name":"dataconnect"},"message":"E0221 22:48:46.423144   28044 watch.go:40] Failed to load config from \"c:\\\\Users\\\\filip\\\\Desktop\\\\projects\\\\flauc\\\\aj-game-room\\\\dataconnect\": could not find dataconnect.yaml in `c:\\Users\\filip\\Desktop\\projects\\flauc\\aj-game-room\\dataconnect`\n"}}
[debug] [2026-02-21T21:48:56.422Z] E0221 22:48:56.422614   28044 watch.go:116] watchAllDir unable to walk dir `c:\Users\filip\Desktop\projects\flauc\aj-game-room\dataconnect`: CreateFile c:\Users\filip\Desktop\projects\flauc\aj-game-room\dataconnect: The system cannot find the file specified.
 {"metadata":{"emulator":{"name":"dataconnect"},"message":"E0221 22:48:56.422614   28044 watch.go:116] watchAllDir unable to walk dir `c:\\Users\\filip\\Desktop\\projects\\flauc\\aj-game-room\\dataconnect`: CreateFile c:\\Users\\filip\\Desktop\\projects\\flauc\\aj-game-room\\dataconnect: The system cannot find the file specified.\n"}}
[debug] [2026-02-21T21:48:56.423Z] E0221 22:48:56.422614   28044 watch.go:40] Failed to load config from "c:\\Users\\filip\\Desktop\\projects\\flauc\\aj-game-room\\dataconnect": could not find dataconnect.yaml in `c:\Users\filip\Desktop\projects\flauc\aj-game-room\dataconnect`
 {"metadata":{"emulator":{"name":"dataconnect"},"message":"E0221 22:48:56.422614   28044 watch.go:40] Failed to load config from \"c:\\\\Users\\\\filip\\\\Desktop\\\\projects\\\\flauc\\\\aj-game-room\\\\dataconnect\": could not find dataconnect.yaml in `c:\\Users\\filip\\Desktop\\projects\\flauc\\aj-game-room\\dataconnect`\n"}}
[debug] [2026-02-21T21:49:06.423Z] E0221 22:49:06.422686   28044 watch.go:40] Failed to load config from "c:\\Users\\filip\\Desktop\\projects\\flauc\\aj-game-room\\dataconnect": could not find dataconnect.yaml in `c:\Users\filip\Desktop\projects\flauc\aj-game-room\dataconnect`
 {"metadata":{"emulator":{"name":"dataconnect"},"message":"E0221 22:49:06.422686   28044 watch.go:40] Failed to load config from \"c:\\\\Users\\\\filip\\\\Desktop\\\\projects\\\\flauc\\\\aj-game-room\\\\dataconnect\": could not find dataconnect.yaml in `c:\\Users\\filip\\Desktop\\projects\\flauc\\aj-game-room\\dataconnect`\n"}}
[debug] [2026-02-21T21:49:16.423Z] E0221 22:49:16.422903   28044 watch.go:40] Failed to load config from "c:\\Users\\filip\\Desktop\\projects\\flauc\\aj-game-room\\dataconnect": could not find dataconnect.yaml in `c:\Users\filip\Desktop\projects\flauc\aj-game-room\dataconnect`
 {"metadata":{"emulator":{"name":"dataconnect"},"message":"E0221 22:49:16.422903   28044 watch.go:40] Failed to load config from \"c:\\\\Users\\\\filip\\\\Desktop\\\\projects\\\\flauc\\\\aj-game-room\\\\dataconnect\": could not find dataconnect.yaml in `c:\\Users\\filip\\Desktop\\projects\\flauc\\aj-game-room\\dataconnect`\n"}}
[debug] [2026-02-21T21:49:26.422Z] E0221 22:49:26.422478   28044 watch.go:40] Failed to load config from "c:\\Users\\filip\\Desktop\\projects\\flauc\\aj-game-room\\dataconnect": could not find dataconnect.yaml in `c:\Users\filip\Desktop\projects\flauc\aj-game-room\dataconnect`
 {"metadata":{"emulator":{"name":"dataconnect"},"message":"E0221 22:49:26.422478   28044 watch.go:40] Failed to load config from \"c:\\\\Users\\\\filip\\\\Desktop\\\\projects\\\\flauc\\\\aj-game-room\\\\dataconnect\": could not find dataconnect.yaml in `c:\\Users\\filip\\Desktop\\projects\\flauc\\aj-game-room\\dataconnect`\n"}}
[debug] [2026-02-21T21:49:36.422Z] E0221 22:49:36.422475   28044 watch.go:40] Failed to load config from "c:\\Users\\filip\\Desktop\\projects\\flauc\\aj-game-room\\dataconnect": could not find dataconnect.yaml in `c:\Users\filip\Desktop\projects\flauc\aj-game-room\dataconnect`
 {"metadata":{"emulator":{"name":"dataconnect"},"message":"E0221 22:49:36.422475   28044 watch.go:40] Failed to load config from \"c:\\\\Users\\\\filip\\\\Desktop\\\\projects\\\\flauc\\\\aj-game-room\\\\dataconnect\": could not find dataconnect.yaml in `c:\\Users\\filip\\Desktop\\projects\\flauc\\aj-game-room\\dataconnect`\n"}}
[debug] [2026-02-21T21:49:46.422Z] E0221 22:49:46.422492   28044 watch.go:40] Failed to load config from "c:\\Users\\filip\\Desktop\\projects\\flauc\\aj-game-room\\dataconnect": could not find dataconnect.yaml in `c:\Users\filip\Desktop\projects\flauc\aj-game-room\dataconnect`
 {"metadata":{"emulator":{"name":"dataconnect"},"message":"E0221 22:49:46.422492   28044 watch.go:40] Failed to load config from \"c:\\\\Users\\\\filip\\\\Desktop\\\\projects\\\\flauc\\\\aj-game-room\\\\dataconnect\": could not find dataconnect.yaml in `c:\\Users\\filip\\Desktop\\projects\\flauc\\aj-game-room\\dataconnect`\n"}}
[debug] [2026-02-21T21:49:56.423Z] E0221 22:49:56.422779   28044 watch.go:116] watchAllDir unable to walk dir `c:\Users\filip\Desktop\projects\flauc\aj-game-room\dataconnect`: CreateFile c:\Users\filip\Desktop\projects\flauc\aj-game-room\dataconnect: The system cannot find the file specified.
E0221 22:49:56.422779   28044 watch.go:40] Failed to load config from "c:\\Users\\filip\\Desktop\\projects\\flauc\\aj-game-room\\dataconnect": could not find dataconnect.yaml in `c:\Users\filip\Desktop\projects\flauc\aj-game-room\dataconnect`
 {"metadata":{"emulator":{"name":"dataconnect"},"message":"E0221 22:49:56.422779   28044 watch.go:116] watchAllDir unable to walk dir `c:\\Users\\filip\\Desktop\\projects\\flauc\\aj-game-room\\dataconnect`: CreateFile c:\\Users\\filip\\Desktop\\projects\\flauc\\aj-game-room\\dataconnect: The system cannot find the file specified.\nE0221 22:49:56.422779   28044 watch.go:40] Failed to load config from \"c:\\\\Users\\\\filip\\\\Desktop\\\\projects\\\\flauc\\\\aj-game-room\\\\dataconnect\": could not find dataconnect.yaml in `c:\\Users\\filip\\Desktop\\projects\\flauc\\aj-game-room\\dataconnect`\n"}}
[debug] [2026-02-21T21:50:06.422Z] E0221 22:50:06.422698   28044 watch.go:40] Failed to load config from "c:\\Users\\filip\\Desktop\\projects\\flauc\\aj-game-room\\dataconnect": could not find dataconnect.yaml in `c:\Users\filip\Desktop\projects\flauc\aj-game-room\dataconnect`
 {"metadata":{"emulator":{"name":"dataconnect"},"message":"E0221 22:50:06.422698   28044 watch.go:40] Failed to load config from \"c:\\\\Users\\\\filip\\\\Desktop\\\\projects\\\\flauc\\\\aj-game-room\\\\dataconnect\": could not find dataconnect.yaml in `c:\\Users\\filip\\Desktop\\projects\\flauc\\aj-game-room\\dataconnect`\n"}}
[debug] [2026-02-21T21:50:16.423Z] E0221 22:50:16.422743   28044 watch.go:40] Failed to load config from "c:\\Users\\filip\\Desktop\\projects\\flauc\\aj-game-room\\dataconnect": could not find dataconnect.yaml in `c:\Users\filip\Desktop\projects\flauc\aj-game-room\dataconnect`
 {"metadata":{"emulator":{"name":"dataconnect"},"message":"E0221 22:50:16.422743   28044 watch.go:40] Failed to load config from \"c:\\\\Users\\\\filip\\\\Desktop\\\\projects\\\\flauc\\\\aj-game-room\\\\dataconnect\": could not find dataconnect.yaml in `c:\\Users\\filip\\Desktop\\projects\\flauc\\aj-game-room\\dataconnect`\n"}}
[debug] [2026-02-21T21:50:26.423Z] E0221 22:50:26.422805   28044 watch.go:40] Failed to load config from "c:\\Users\\filip\\Desktop\\projects\\flauc\\aj-game-room\\dataconnect": could not find dataconnect.yaml in `c:\Users\filip\Desktop\projects\flauc\aj-game-room\dataconnect`
 {"metadata":{"emulator":{"name":"dataconnect"},"message":"E0221 22:50:26.422805   28044 watch.go:40] Failed to load config from \"c:\\\\Users\\\\filip\\\\Desktop\\\\projects\\\\flauc\\\\aj-game-room\\\\dataconnect\": could not find dataconnect.yaml in `c:\\Users\\filip\\Desktop\\projects\\flauc\\aj-game-room\\dataconnect`\n"}}
[debug] [2026-02-21T21:50:36.423Z] E0221 22:50:36.422766   28044 watch.go:40] Failed to load config from "c:\\Users\\filip\\Desktop\\projects\\flauc\\aj-game-room\\dataconnect": could not find dataconnect.yaml in `c:\Users\filip\Desktop\projects\flauc\aj-game-room\dataconnect`
 {"metadata":{"emulator":{"name":"dataconnect"},"message":"E0221 22:50:36.422766   28044 watch.go:40] Failed to load config from \"c:\\\\Users\\\\filip\\\\Desktop\\\\projects\\\\flauc\\\\aj-game-room\\\\dataconnect\": could not find dataconnect.yaml in `c:\\Users\\filip\\Desktop\\projects\\flauc\\aj-game-room\\dataconnect`\n"}}
[debug] [2026-02-21T21:50:46.423Z] E0221 22:50:46.422599   28044 watch.go:40] Failed to load config from "c:\\Users\\filip\\Desktop\\projects\\flauc\\aj-game-room\\dataconnect": could not find dataconnect.yaml in `c:\Users\filip\Desktop\projects\flauc\aj-game-room\dataconnect`
 {"metadata":{"emulator":{"name":"dataconnect"},"message":"E0221 22:50:46.422599   28044 watch.go:40] Failed to load config from \"c:\\\\Users\\\\filip\\\\Desktop\\\\projects\\\\flauc\\\\aj-game-room\\\\dataconnect\": could not find dataconnect.yaml in `c:\\Users\\filip\\Desktop\\projects\\flauc\\aj-game-room\\dataconnect`\n"}}
[debug] [2026-02-21T21:50:56.422Z] E0221 22:50:56.422644   28044 watch.go:116] watchAllDir unable to walk dir `c:\Users\filip\Desktop\projects\flauc\aj-game-room\dataconnect`: CreateFile c:\Users\filip\Desktop\projects\flauc\aj-game-room\dataconnect: The system cannot find the file specified.
 {"metadata":{"emulator":{"name":"dataconnect"},"message":"E0221 22:50:56.422644   28044 watch.go:116] watchAllDir unable to walk dir `c:\\Users\\filip\\Desktop\\projects\\flauc\\aj-game-room\\dataconnect`: CreateFile c:\\Users\\filip\\Desktop\\projects\\flauc\\aj-game-room\\dataconnect: The system cannot find the file specified.\n"}}
[debug] [2026-02-21T21:50:56.423Z] E0221 22:50:56.422644   28044 watch.go:40] Failed to load config from "c:\\Users\\filip\\Desktop\\projects\\flauc\\aj-game-room\\dataconnect": could not find dataconnect.yaml in `c:\Users\filip\Desktop\projects\flauc\aj-game-room\dataconnect`
 {"metadata":{"emulator":{"name":"dataconnect"},"message":"E0221 22:50:56.422644   28044 watch.go:40] Failed to load config from \"c:\\\\Users\\\\filip\\\\Desktop\\\\projects\\\\flauc\\\\aj-game-room\\\\dataconnect\": could not find dataconnect.yaml in `c:\\Users\\filip\\Desktop\\projects\\flauc\\aj-game-room\\dataconnect`\n"}}
[debug] [2026-02-21T21:51:06.423Z] E0221 22:51:06.422902   28044 watch.go:40] Failed to load config from "c:\\Users\\filip\\Desktop\\projects\\flauc\\aj-game-room\\dataconnect": could not find dataconnect.yaml in `c:\Users\filip\Desktop\projects\flauc\aj-game-room\dataconnect`
 {"metadata":{"emulator":{"name":"dataconnect"},"message":"E0221 22:51:06.422902   28044 watch.go:40] Failed to load config from \"c:\\\\Users\\\\filip\\\\Desktop\\\\projects\\\\flauc\\\\aj-game-room\\\\dataconnect\": could not find dataconnect.yaml in `c:\\Users\\filip\\Desktop\\projects\\flauc\\aj-game-room\\dataconnect`\n"}}
[debug] [2026-02-21T21:51:16.422Z] E0221 22:51:16.422725   28044 watch.go:40] Failed to load config from "c:\\Users\\filip\\Desktop\\projects\\flauc\\aj-game-room\\dataconnect": could not find dataconnect.yaml in `c:\Users\filip\Desktop\projects\flauc\aj-game-room\dataconnect`
 {"metadata":{"emulator":{"name":"dataconnect"},"message":"E0221 22:51:16.422725   28044 watch.go:40] Failed to load config from \"c:\\\\Users\\\\filip\\\\Desktop\\\\projects\\\\flauc\\\\aj-game-room\\\\dataconnect\": could not find dataconnect.yaml in `c:\\Users\\filip\\Desktop\\projects\\flauc\\aj-game-room\\dataconnect`\n"}}
[debug] [2026-02-21T21:51:26.423Z] E0221 22:51:26.423555   28044 watch.go:40] Failed to load config from "c:\\Users\\filip\\Desktop\\projects\\flauc\\aj-game-room\\dataconnect": could not find dataconnect.yaml in `c:\Users\filip\Desktop\projects\flauc\aj-game-room\dataconnect`
 {"metadata":{"emulator":{"name":"dataconnect"},"message":"E0221 22:51:26.423555   28044 watch.go:40] Failed to load config from \"c:\\\\Users\\\\filip\\\\Desktop\\\\projects\\\\flauc\\\\aj-game-room\\\\dataconnect\": could not find dataconnect.yaml in `c:\\Users\\filip\\Desktop\\projects\\flauc\\aj-game-room\\dataconnect`\n"}}
[debug] [2026-02-21T21:51:36.422Z] E0221 22:51:36.422674   28044 watch.go:40] Failed to load config from "c:\\Users\\filip\\Desktop\\projects\\flauc\\aj-game-room\\dataconnect": could not find dataconnect.yaml in `c:\Users\filip\Desktop\projects\flauc\aj-game-room\dataconnect`
 {"metadata":{"emulator":{"name":"dataconnect"},"message":"E0221 22:51:36.422674   28044 watch.go:40] Failed to load config from \"c:\\\\Users\\\\filip\\\\Desktop\\\\projects\\\\flauc\\\\aj-game-room\\\\dataconnect\": could not find dataconnect.yaml in `c:\\Users\\filip\\Desktop\\projects\\flauc\\aj-game-room\\dataconnect`\n"}}
[debug] [2026-02-21T21:51:46.422Z] E0221 22:51:46.422650   28044 watch.go:40] Failed to load config from "c:\\Users\\filip\\Desktop\\projects\\flauc\\aj-game-room\\dataconnect": could not find dataconnect.yaml in `c:\Users\filip\Desktop\projects\flauc\aj-game-room\dataconnect`
 {"metadata":{"emulator":{"name":"dataconnect"},"message":"E0221 22:51:46.422650   28044 watch.go:40] Failed to load config from \"c:\\\\Users\\\\filip\\\\Desktop\\\\projects\\\\flauc\\\\aj-game-room\\\\dataconnect\": could not find dataconnect.yaml in `c:\\Users\\filip\\Desktop\\projects\\flauc\\aj-game-room\\dataconnect`\n"}}
[debug] [2026-02-21T21:51:56.422Z] E0221 22:51:56.422926   28044 watch.go:116] watchAllDir unable to walk dir `c:\Users\filip\Desktop\projects\flauc\aj-game-room\dataconnect`: CreateFile c:\Users\filip\Desktop\projects\flauc\aj-game-room\dataconnect: The system cannot find the file specified.
 {"metadata":{"emulator":{"name":"dataconnect"},"message":"E0221 22:51:56.422926   28044 watch.go:116] watchAllDir unable to walk dir `c:\\Users\\filip\\Desktop\\projects\\flauc\\aj-game-room\\dataconnect`: CreateFile c:\\Users\\filip\\Desktop\\projects\\flauc\\aj-game-room\\dataconnect: The system cannot find the file specified.\n"}}
[debug] [2026-02-21T21:51:56.424Z] E0221 22:51:56.422926   28044 watch.go:40] Failed to load config from "c:\\Users\\filip\\Desktop\\projects\\flauc\\aj-game-room\\dataconnect": could not find dataconnect.yaml in `c:\Users\filip\Desktop\projects\flauc\aj-game-room\dataconnect`
 {"metadata":{"emulator":{"name":"dataconnect"},"message":"E0221 22:51:56.422926   28044 watch.go:40] Failed to load config from \"c:\\\\Users\\\\filip\\\\Desktop\\\\projects\\\\flauc\\\\aj-game-room\\\\dataconnect\": could not find dataconnect.yaml in `c:\\Users\\filip\\Desktop\\projects\\flauc\\aj-game-room\\dataconnect`\n"}}
[debug] [2026-02-21T21:52:06.423Z] E0221 22:52:06.422997   28044 watch.go:40] Failed to load config from "c:\\Users\\filip\\Desktop\\projects\\flauc\\aj-game-room\\dataconnect": could not find dataconnect.yaml in `c:\Users\filip\Desktop\projects\flauc\aj-game-room\dataconnect`
 {"metadata":{"emulator":{"name":"dataconnect"},"message":"E0221 22:52:06.422997   28044 watch.go:40] Failed to load config from \"c:\\\\Users\\\\filip\\\\Desktop\\\\projects\\\\flauc\\\\aj-game-room\\\\dataconnect\": could not find dataconnect.yaml in `c:\\Users\\filip\\Desktop\\projects\\flauc\\aj-game-room\\dataconnect`\n"}}
[debug] [2026-02-21T21:52:16.422Z] E0221 22:52:16.422683   28044 watch.go:40] Failed to load config from "c:\\Users\\filip\\Desktop\\projects\\flauc\\aj-game-room\\dataconnect": could not find dataconnect.yaml in `c:\Users\filip\Desktop\projects\flauc\aj-game-room\dataconnect`
 {"metadata":{"emulator":{"name":"dataconnect"},"message":"E0221 22:52:16.422683   28044 watch.go:40] Failed to load config from \"c:\\\\Users\\\\filip\\\\Desktop\\\\projects\\\\flauc\\\\aj-game-room\\\\dataconnect\": could not find dataconnect.yaml in `c:\\Users\\filip\\Desktop\\projects\\flauc\\aj-game-room\\dataconnect`\n"}}
[debug] [2026-02-21T21:52:26.423Z] E0221 22:52:26.423764   28044 watch.go:40] Failed to load config from "c:\\Users\\filip\\Desktop\\projects\\flauc\\aj-game-room\\dataconnect": could not find dataconnect.yaml in `c:\Users\filip\Desktop\projects\flauc\aj-game-room\dataconnect`
 {"metadata":{"emulator":{"name":"dataconnect"},"message":"E0221 22:52:26.423764   28044 watch.go:40] Failed to load config from \"c:\\\\Users\\\\filip\\\\Desktop\\\\projects\\\\flauc\\\\aj-game-room\\\\dataconnect\": could not find dataconnect.yaml in `c:\\Users\\filip\\Desktop\\projects\\flauc\\aj-game-room\\dataconnect`\n"}}
[debug] [2026-02-21T21:52:36.422Z] E0221 22:52:36.422724   28044 watch.go:40] Failed to load config from "c:\\Users\\filip\\Desktop\\projects\\flauc\\aj-game-room\\dataconnect": could not find dataconnect.yaml in `c:\Users\filip\Desktop\projects\flauc\aj-game-room\dataconnect`
 {"metadata":{"emulator":{"name":"dataconnect"},"message":"E0221 22:52:36.422724   28044 watch.go:40] Failed to load config from \"c:\\\\Users\\\\filip\\\\Desktop\\\\projects\\\\flauc\\\\aj-game-room\\\\dataconnect\": could not find dataconnect.yaml in `c:\\Users\\filip\\Desktop\\projects\\flauc\\aj-game-room\\dataconnect`\n"}}
[debug] [2026-02-21T21:52:46.422Z] E0221 22:52:46.422548   28044 watch.go:40] Failed to load config from "c:\\Users\\filip\\Desktop\\projects\\flauc\\aj-game-room\\dataconnect": could not find dataconnect.yaml in `c:\Users\filip\Desktop\projects\flauc\aj-game-room\dataconnect`
 {"metadata":{"emulator":{"name":"dataconnect"},"message":"E0221 22:52:46.422548   28044 watch.go:40] Failed to load config from \"c:\\\\Users\\\\filip\\\\Desktop\\\\projects\\\\flauc\\\\aj-game-room\\\\dataconnect\": could not find dataconnect.yaml in `c:\\Users\\filip\\Desktop\\projects\\flauc\\aj-game-room\\dataconnect`\n"}}
[debug] [2026-02-21T21:52:56.422Z] E0221 22:52:56.422467   28044 watch.go:116] watchAllDir unable to walk dir `c:\Users\filip\Desktop\projects\flauc\aj-game-room\dataconnect`: CreateFile c:\Users\filip\Desktop\projects\flauc\aj-game-room\dataconnect: The system cannot find the file specified.
 {"metadata":{"emulator":{"name":"dataconnect"},"message":"E0221 22:52:56.422467   28044 watch.go:116] watchAllDir unable to walk dir `c:\\Users\\filip\\Desktop\\projects\\flauc\\aj-game-room\\dataconnect`: CreateFile c:\\Users\\filip\\Desktop\\projects\\flauc\\aj-game-room\\dataconnect: The system cannot find the file specified.\n"}}
[debug] [2026-02-21T21:52:56.423Z] E0221 22:52:56.422467   28044 watch.go:40] Failed to load config from "c:\\Users\\filip\\Desktop\\projects\\flauc\\aj-game-room\\dataconnect": could not find dataconnect.yaml in `c:\Users\filip\Desktop\projects\flauc\aj-game-room\dataconnect`
 {"metadata":{"emulator":{"name":"dataconnect"},"message":"E0221 22:52:56.422467   28044 watch.go:40] Failed to load config from \"c:\\\\Users\\\\filip\\\\Desktop\\\\projects\\\\flauc\\\\aj-game-room\\\\dataconnect\": could not find dataconnect.yaml in `c:\\Users\\filip\\Desktop\\projects\\flauc\\aj-game-room\\dataconnect`\n"}}
[debug] [2026-02-21T21:53:06.424Z] E0221 22:53:06.423585   28044 watch.go:40] Failed to load config from "c:\\Users\\filip\\Desktop\\projects\\flauc\\aj-game-room\\dataconnect": could not find dataconnect.yaml in `c:\Users\filip\Desktop\projects\flauc\aj-game-room\dataconnect`
 {"metadata":{"emulator":{"name":"dataconnect"},"message":"E0221 22:53:06.423585   28044 watch.go:40] Failed to load config from \"c:\\\\Users\\\\filip\\\\Desktop\\\\projects\\\\flauc\\\\aj-game-room\\\\dataconnect\": could not find dataconnect.yaml in `c:\\Users\\filip\\Desktop\\projects\\flauc\\aj-game-room\\dataconnect`\n"}}
[debug] [2026-02-21T21:53:16.423Z] E0221 22:53:16.423013   28044 watch.go:40] Failed to load config from "c:\\Users\\filip\\Desktop\\projects\\flauc\\aj-game-room\\dataconnect": could not find dataconnect.yaml in `c:\Users\filip\Desktop\projects\flauc\aj-game-room\dataconnect`
 {"metadata":{"emulator":{"name":"dataconnect"},"message":"E0221 22:53:16.423013   28044 watch.go:40] Failed to load config from \"c:\\\\Users\\\\filip\\\\Desktop\\\\projects\\\\flauc\\\\aj-game-room\\\\dataconnect\": could not find dataconnect.yaml in `c:\\Users\\filip\\Desktop\\projects\\flauc\\aj-game-room\\dataconnect`\n"}}
[debug] [2026-02-21T21:53:26.423Z] E0221 22:53:26.422523   28044 watch.go:40] Failed to load config from "c:\\Users\\filip\\Desktop\\projects\\flauc\\aj-game-room\\dataconnect": could not find dataconnect.yaml in `c:\Users\filip\Desktop\projects\flauc\aj-game-room\dataconnect`
 {"metadata":{"emulator":{"name":"dataconnect"},"message":"E0221 22:53:26.422523   28044 watch.go:40] Failed to load config from \"c:\\\\Users\\\\filip\\\\Desktop\\\\projects\\\\flauc\\\\aj-game-room\\\\dataconnect\": could not find dataconnect.yaml in `c:\\Users\\filip\\Desktop\\projects\\flauc\\aj-game-room\\dataconnect`\n"}}
[debug] [2026-02-21T21:53:36.424Z] E0221 22:53:36.423615   28044 watch.go:40] Failed to load config from "c:\\Users\\filip\\Desktop\\projects\\flauc\\aj-game-room\\dataconnect": could not find dataconnect.yaml in `c:\Users\filip\Desktop\projects\flauc\aj-game-room\dataconnect`
 {"metadata":{"emulator":{"name":"dataconnect"},"message":"E0221 22:53:36.423615   28044 watch.go:40] Failed to load config from \"c:\\\\Users\\\\filip\\\\Desktop\\\\projects\\\\flauc\\\\aj-game-room\\\\dataconnect\": could not find dataconnect.yaml in `c:\\Users\\filip\\Desktop\\projects\\flauc\\aj-game-room\\dataconnect`\n"}}
[debug] [2026-02-21T21:53:46.423Z] E0221 22:53:46.422573   28044 watch.go:40] Failed to load config from "c:\\Users\\filip\\Desktop\\projects\\flauc\\aj-game-room\\dataconnect": could not find dataconnect.yaml in `c:\Users\filip\Desktop\projects\flauc\aj-game-room\dataconnect`
 {"metadata":{"emulator":{"name":"dataconnect"},"message":"E0221 22:53:46.422573   28044 watch.go:40] Failed to load config from \"c:\\\\Users\\\\filip\\\\Desktop\\\\projects\\\\flauc\\\\aj-game-room\\\\dataconnect\": could not find dataconnect.yaml in `c:\\Users\\filip\\Desktop\\projects\\flauc\\aj-game-room\\dataconnect`\n"}}
[debug] [2026-02-21T21:53:56.423Z] E0221 22:53:56.422836   28044 watch.go:116] watchAllDir unable to walk dir `c:\Users\filip\Desktop\projects\flauc\aj-game-room\dataconnect`: CreateFile c:\Users\filip\Desktop\projects\flauc\aj-game-room\dataconnect: The system cannot find the file specified.
 {"metadata":{"emulator":{"name":"dataconnect"},"message":"E0221 22:53:56.422836   28044 watch.go:116] watchAllDir unable to walk dir `c:\\Users\\filip\\Desktop\\projects\\flauc\\aj-game-room\\dataconnect`: CreateFile c:\\Users\\filip\\Desktop\\projects\\flauc\\aj-game-room\\dataconnect: The system cannot find the file specified.\n"}}
[debug] [2026-02-21T21:53:56.424Z] E0221 22:53:56.422836   28044 watch.go:40] Failed to load config from "c:\\Users\\filip\\Desktop\\projects\\flauc\\aj-game-room\\dataconnect": could not find dataconnect.yaml in `c:\Users\filip\Desktop\projects\flauc\aj-game-room\dataconnect`
 {"metadata":{"emulator":{"name":"dataconnect"},"message":"E0221 22:53:56.422836   28044 watch.go:40] Failed to load config from \"c:\\\\Users\\\\filip\\\\Desktop\\\\projects\\\\flauc\\\\aj-game-room\\\\dataconnect\": could not find dataconnect.yaml in `c:\\Users\\filip\\Desktop\\projects\\flauc\\aj-game-room\\dataconnect`\n"}}
[debug] [2026-02-21T21:54:06.421Z] E0221 22:54:06.422557   28044 watch.go:40] Failed to load config from "c:\\Users\\filip\\Desktop\\projects\\flauc\\aj-game-room\\dataconnect": could not find dataconnect.yaml in `c:\Users\filip\Desktop\projects\flauc\aj-game-room\dataconnect`
 {"metadata":{"emulator":{"name":"dataconnect"},"message":"E0221 22:54:06.422557   28044 watch.go:40] Failed to load config from \"c:\\\\Users\\\\filip\\\\Desktop\\\\projects\\\\flauc\\\\aj-game-room\\\\dataconnect\": could not find dataconnect.yaml in `c:\\Users\\filip\\Desktop\\projects\\flauc\\aj-game-room\\dataconnect`\n"}}
[debug] [2026-02-21T21:54:16.422Z] E0221 22:54:16.423127   28044 watch.go:40] Failed to load config from "c:\\Users\\filip\\Desktop\\projects\\flauc\\aj-game-room\\dataconnect": could not find dataconnect.yaml in `c:\Users\filip\Desktop\projects\flauc\aj-game-room\dataconnect`
 {"metadata":{"emulator":{"name":"dataconnect"},"message":"E0221 22:54:16.423127   28044 watch.go:40] Failed to load config from \"c:\\\\Users\\\\filip\\\\Desktop\\\\projects\\\\flauc\\\\aj-game-room\\\\dataconnect\": could not find dataconnect.yaml in `c:\\Users\\filip\\Desktop\\projects\\flauc\\aj-game-room\\dataconnect`\n"}}
[debug] [2026-02-21T21:54:26.422Z] E0221 22:54:26.423598   28044 watch.go:40] Failed to load config from "c:\\Users\\filip\\Desktop\\projects\\flauc\\aj-game-room\\dataconnect": could not find dataconnect.yaml in `c:\Users\filip\Desktop\projects\flauc\aj-game-room\dataconnect`
 {"metadata":{"emulator":{"name":"dataconnect"},"message":"E0221 22:54:26.423598   28044 watch.go:40] Failed to load config from \"c:\\\\Users\\\\filip\\\\Desktop\\\\projects\\\\flauc\\\\aj-game-room\\\\dataconnect\": could not find dataconnect.yaml in `c:\\Users\\filip\\Desktop\\projects\\flauc\\aj-game-room\\dataconnect`\n"}}
[debug] [2026-02-21T21:54:36.422Z] E0221 22:54:36.423329   28044 watch.go:40] Failed to load config from "c:\\Users\\filip\\Desktop\\projects\\flauc\\aj-game-room\\dataconnect": could not find dataconnect.yaml in `c:\Users\filip\Desktop\projects\flauc\aj-game-room\dataconnect`
 {"metadata":{"emulator":{"name":"dataconnect"},"message":"E0221 22:54:36.423329   28044 watch.go:40] Failed to load config from \"c:\\\\Users\\\\filip\\\\Desktop\\\\projects\\\\flauc\\\\aj-game-room\\\\dataconnect\": could not find dataconnect.yaml in `c:\\Users\\filip\\Desktop\\projects\\flauc\\aj-game-room\\dataconnect`\n"}}
[debug] [2026-02-21T21:54:46.422Z] E0221 22:54:46.422829   28044 watch.go:40] Failed to load config from "c:\\Users\\filip\\Desktop\\projects\\flauc\\aj-game-room\\dataconnect": could not find dataconnect.yaml in `c:\Users\filip\Desktop\projects\flauc\aj-game-room\dataconnect`
 {"metadata":{"emulator":{"name":"dataconnect"},"message":"E0221 22:54:46.422829   28044 watch.go:40] Failed to load config from \"c:\\\\Users\\\\filip\\\\Desktop\\\\projects\\\\flauc\\\\aj-game-room\\\\dataconnect\": could not find dataconnect.yaml in `c:\\Users\\filip\\Desktop\\projects\\flauc\\aj-game-room\\dataconnect`\n"}}
[debug] [2026-02-21T21:54:56.421Z] E0221 22:54:56.422586   28044 watch.go:116] watchAllDir unable to walk dir `c:\Users\filip\Desktop\projects\flauc\aj-game-room\dataconnect`: CreateFile c:\Users\filip\Desktop\projects\flauc\aj-game-room\dataconnect: The system cannot find the file specified.
 {"metadata":{"emulator":{"name":"dataconnect"},"message":"E0221 22:54:56.422586   28044 watch.go:116] watchAllDir unable to walk dir `c:\\Users\\filip\\Desktop\\projects\\flauc\\aj-game-room\\dataconnect`: CreateFile c:\\Users\\filip\\Desktop\\projects\\flauc\\aj-game-room\\dataconnect: The system cannot find the file specified.\n"}}
[debug] [2026-02-21T21:54:56.422Z] E0221 22:54:56.422586   28044 watch.go:40] Failed to load config from "c:\\Users\\filip\\Desktop\\projects\\flauc\\aj-game-room\\dataconnect": could not find dataconnect.yaml in `c:\Users\filip\Desktop\projects\flauc\aj-game-room\dataconnect`
 {"metadata":{"emulator":{"name":"dataconnect"},"message":"E0221 22:54:56.422586   28044 watch.go:40] Failed to load config from \"c:\\\\Users\\\\filip\\\\Desktop\\\\projects\\\\flauc\\\\aj-game-room\\\\dataconnect\": could not find dataconnect.yaml in `c:\\Users\\filip\\Desktop\\projects\\flauc\\aj-game-room\\dataconnect`\n"}}
[debug] [2026-02-21T21:55:06.422Z] E0221 22:55:06.422581   28044 watch.go:40] Failed to load config from "c:\\Users\\filip\\Desktop\\projects\\flauc\\aj-game-room\\dataconnect": could not find dataconnect.yaml in `c:\Users\filip\Desktop\projects\flauc\aj-game-room\dataconnect`
 {"metadata":{"emulator":{"name":"dataconnect"},"message":"E0221 22:55:06.422581   28044 watch.go:40] Failed to load config from \"c:\\\\Users\\\\filip\\\\Desktop\\\\projects\\\\flauc\\\\aj-game-room\\\\dataconnect\": could not find dataconnect.yaml in `c:\\Users\\filip\\Desktop\\projects\\flauc\\aj-game-room\\dataconnect`\n"}}
[debug] [2026-02-21T21:55:16.422Z] E0221 22:55:16.422463   28044 watch.go:40] Failed to load config from "c:\\Users\\filip\\Desktop\\projects\\flauc\\aj-game-room\\dataconnect": could not find dataconnect.yaml in `c:\Users\filip\Desktop\projects\flauc\aj-game-room\dataconnect`
 {"metadata":{"emulator":{"name":"dataconnect"},"message":"E0221 22:55:16.422463   28044 watch.go:40] Failed to load config from \"c:\\\\Users\\\\filip\\\\Desktop\\\\projects\\\\flauc\\\\aj-game-room\\\\dataconnect\": could not find dataconnect.yaml in `c:\\Users\\filip\\Desktop\\projects\\flauc\\aj-game-room\\dataconnect`\n"}}
[debug] [2026-02-21T21:55:26.422Z] E0221 22:55:26.422639   28044 watch.go:40] Failed to load config from "c:\\Users\\filip\\Desktop\\projects\\flauc\\aj-game-room\\dataconnect": could not find dataconnect.yaml in `c:\Users\filip\Desktop\projects\flauc\aj-game-room\dataconnect`
 {"metadata":{"emulator":{"name":"dataconnect"},"message":"E0221 22:55:26.422639   28044 watch.go:40] Failed to load config from \"c:\\\\Users\\\\filip\\\\Desktop\\\\projects\\\\flauc\\\\aj-game-room\\\\dataconnect\": could not find dataconnect.yaml in `c:\\Users\\filip\\Desktop\\projects\\flauc\\aj-game-room\\dataconnect`\n"}}
[debug] [2026-02-21T21:55:36.422Z] E0221 22:55:36.422479   28044 watch.go:40] Failed to load config from "c:\\Users\\filip\\Desktop\\projects\\flauc\\aj-game-room\\dataconnect": could not find dataconnect.yaml in `c:\Users\filip\Desktop\projects\flauc\aj-game-room\dataconnect`
 {"metadata":{"emulator":{"name":"dataconnect"},"message":"E0221 22:55:36.422479   28044 watch.go:40] Failed to load config from \"c:\\\\Users\\\\filip\\\\Desktop\\\\projects\\\\flauc\\\\aj-game-room\\\\dataconnect\": could not find dataconnect.yaml in `c:\\Users\\filip\\Desktop\\projects\\flauc\\aj-game-room\\dataconnect`\n"}}
[debug] [2026-02-21T21:55:46.423Z] E0221 22:55:46.422849   28044 watch.go:40] Failed to load config from "c:\\Users\\filip\\Desktop\\projects\\flauc\\aj-game-room\\dataconnect": could not find dataconnect.yaml in `c:\Users\filip\Desktop\projects\flauc\aj-game-room\dataconnect`
 {"metadata":{"emulator":{"name":"dataconnect"},"message":"E0221 22:55:46.422849   28044 watch.go:40] Failed to load config from \"c:\\\\Users\\\\filip\\\\Desktop\\\\projects\\\\flauc\\\\aj-game-room\\\\dataconnect\": could not find dataconnect.yaml in `c:\\Users\\filip\\Desktop\\projects\\flauc\\aj-game-room\\dataconnect`\n"}}
[debug] [2026-02-21T21:55:56.422Z] E0221 22:55:56.422747   28044 watch.go:116] watchAllDir unable to walk dir `c:\Users\filip\Desktop\projects\flauc\aj-game-room\dataconnect`: CreateFile c:\Users\filip\Desktop\projects\flauc\aj-game-room\dataconnect: The system cannot find the file specified.
 {"metadata":{"emulator":{"name":"dataconnect"},"message":"E0221 22:55:56.422747   28044 watch.go:116] watchAllDir unable to walk dir `c:\\Users\\filip\\Desktop\\projects\\flauc\\aj-game-room\\dataconnect`: CreateFile c:\\Users\\filip\\Desktop\\projects\\flauc\\aj-game-room\\dataconnect: The system cannot find the file specified.\n"}}
[debug] [2026-02-21T21:55:56.423Z] E0221 22:55:56.422747   28044 watch.go:40] Failed to load config from "c:\\Users\\filip\\Desktop\\projects\\flauc\\aj-game-room\\dataconnect": could not find dataconnect.yaml in `c:\Users\filip\Desktop\projects\flauc\aj-game-room\dataconnect`
 {"metadata":{"emulator":{"name":"dataconnect"},"message":"E0221 22:55:56.422747   28044 watch.go:40] Failed to load config from \"c:\\\\Users\\\\filip\\\\Desktop\\\\projects\\\\flauc\\\\aj-game-room\\\\dataconnect\": could not find dataconnect.yaml in `c:\\Users\\filip\\Desktop\\projects\\flauc\\aj-game-room\\dataconnect`\n"}}
[debug] [2026-02-21T21:56:06.422Z] E0221 22:56:06.422666   28044 watch.go:40] Failed to load config from "c:\\Users\\filip\\Desktop\\projects\\flauc\\aj-game-room\\dataconnect": could not find dataconnect.yaml in `c:\Users\filip\Desktop\projects\flauc\aj-game-room\dataconnect`
 {"metadata":{"emulator":{"name":"dataconnect"},"message":"E0221 22:56:06.422666   28044 watch.go:40] Failed to load config from \"c:\\\\Users\\\\filip\\\\Desktop\\\\projects\\\\flauc\\\\aj-game-room\\\\dataconnect\": could not find dataconnect.yaml in `c:\\Users\\filip\\Desktop\\projects\\flauc\\aj-game-room\\dataconnect`\n"}}
[debug] [2026-02-21T21:56:16.422Z] E0221 22:56:16.422870   28044 watch.go:40] Failed to load config from "c:\\Users\\filip\\Desktop\\projects\\flauc\\aj-game-room\\dataconnect": could not find dataconnect.yaml in `c:\Users\filip\Desktop\projects\flauc\aj-game-room\dataconnect`
 {"metadata":{"emulator":{"name":"dataconnect"},"message":"E0221 22:56:16.422870   28044 watch.go:40] Failed to load config from \"c:\\\\Users\\\\filip\\\\Desktop\\\\projects\\\\flauc\\\\aj-game-room\\\\dataconnect\": could not find dataconnect.yaml in `c:\\Users\\filip\\Desktop\\projects\\flauc\\aj-game-room\\dataconnect`\n"}}
[debug] [2026-02-21T21:56:26.422Z] E0221 22:56:26.422426   28044 watch.go:40] Failed to load config from "c:\\Users\\filip\\Desktop\\projects\\flauc\\aj-game-room\\dataconnect": could not find dataconnect.yaml in `c:\Users\filip\Desktop\projects\flauc\aj-game-room\dataconnect`
 {"metadata":{"emulator":{"name":"dataconnect"},"message":"E0221 22:56:26.422426   28044 watch.go:40] Failed to load config from \"c:\\\\Users\\\\filip\\\\Desktop\\\\projects\\\\flauc\\\\aj-game-room\\\\dataconnect\": could not find dataconnect.yaml in `c:\\Users\\filip\\Desktop\\projects\\flauc\\aj-game-room\\dataconnect`\n"}}
[debug] [2026-02-21T21:56:36.422Z] E0221 22:56:36.422433   28044 watch.go:40] Failed to load config from "c:\\Users\\filip\\Desktop\\projects\\flauc\\aj-game-room\\dataconnect": could not find dataconnect.yaml in `c:\Users\filip\Desktop\projects\flauc\aj-game-room\dataconnect`
 {"metadata":{"emulator":{"name":"dataconnect"},"message":"E0221 22:56:36.422433   28044 watch.go:40] Failed to load config from \"c:\\\\Users\\\\filip\\\\Desktop\\\\projects\\\\flauc\\\\aj-game-room\\\\dataconnect\": could not find dataconnect.yaml in `c:\\Users\\filip\\Desktop\\projects\\flauc\\aj-game-room\\dataconnect`\n"}}
[debug] [2026-02-21T21:56:46.422Z] E0221 22:56:46.423199   28044 watch.go:40] Failed to load config from "c:\\Users\\filip\\Desktop\\projects\\flauc\\aj-game-room\\dataconnect": could not find dataconnect.yaml in `c:\Users\filip\Desktop\projects\flauc\aj-game-room\dataconnect`
 {"metadata":{"emulator":{"name":"dataconnect"},"message":"E0221 22:56:46.423199   28044 watch.go:40] Failed to load config from \"c:\\\\Users\\\\filip\\\\Desktop\\\\projects\\\\flauc\\\\aj-game-room\\\\dataconnect\": could not find dataconnect.yaml in `c:\\Users\\filip\\Desktop\\projects\\flauc\\aj-game-room\\dataconnect`\n"}}
[debug] [2026-02-21T21:56:56.424Z] E0221 22:56:56.422651   28044 watch.go:116] watchAllDir unable to walk dir `c:\Users\filip\Desktop\projects\flauc\aj-game-room\dataconnect`: CreateFile c:\Users\filip\Desktop\projects\flauc\aj-game-room\dataconnect: The system cannot find the file specified.
E0221 22:56:56.422651   28044 watch.go:40] Failed to load config from "c:\\Users\\filip\\Desktop\\projects\\flauc\\aj-game-room\\dataconnect": could not find dataconnect.yaml in `c:\Users\filip\Desktop\projects\flauc\aj-game-room\dataconnect`
 {"metadata":{"emulator":{"name":"dataconnect"},"message":"E0221 22:56:56.422651   28044 watch.go:116] watchAllDir unable to walk dir `c:\\Users\\filip\\Desktop\\projects\\flauc\\aj-game-room\\dataconnect`: CreateFile c:\\Users\\filip\\Desktop\\projects\\flauc\\aj-game-room\\dataconnect: The system cannot find the file specified.\nE0221 22:56:56.422651   28044 watch.go:40] Failed to load config from \"c:\\\\Users\\\\filip\\\\Desktop\\\\projects\\\\flauc\\\\aj-game-room\\\\dataconnect\": could not find dataconnect.yaml in `c:\\Users\\filip\\Desktop\\projects\\flauc\\aj-game-room\\dataconnect`\n"}}
[debug] [2026-02-21T21:57:06.423Z] E0221 22:57:06.422737   28044 watch.go:40] Failed to load config from "c:\\Users\\filip\\Desktop\\projects\\flauc\\aj-game-room\\dataconnect": could not find dataconnect.yaml in `c:\Users\filip\Desktop\projects\flauc\aj-game-room\dataconnect`
 {"metadata":{"emulator":{"name":"dataconnect"},"message":"E0221 22:57:06.422737   28044 watch.go:40] Failed to load config from \"c:\\\\Users\\\\filip\\\\Desktop\\\\projects\\\\flauc\\\\aj-game-room\\\\dataconnect\": could not find dataconnect.yaml in `c:\\Users\\filip\\Desktop\\projects\\flauc\\aj-game-room\\dataconnect`\n"}}
[debug] [2026-02-21T21:57:16.423Z] E0221 22:57:16.422592   28044 watch.go:40] Failed to load config from "c:\\Users\\filip\\Desktop\\projects\\flauc\\aj-game-room\\dataconnect": could not find dataconnect.yaml in `c:\Users\filip\Desktop\projects\flauc\aj-game-room\dataconnect`
 {"metadata":{"emulator":{"name":"dataconnect"},"message":"E0221 22:57:16.422592   28044 watch.go:40] Failed to load config from \"c:\\\\Users\\\\filip\\\\Desktop\\\\projects\\\\flauc\\\\aj-game-room\\\\dataconnect\": could not find dataconnect.yaml in `c:\\Users\\filip\\Desktop\\projects\\flauc\\aj-game-room\\dataconnect`\n"}}
[debug] [2026-02-21T21:57:26.423Z] E0221 22:57:26.422591   28044 watch.go:40] Failed to load config from "c:\\Users\\filip\\Desktop\\projects\\flauc\\aj-game-room\\dataconnect": could not find dataconnect.yaml in `c:\Users\filip\Desktop\projects\flauc\aj-game-room\dataconnect`
 {"metadata":{"emulator":{"name":"dataconnect"},"message":"E0221 22:57:26.422591   28044 watch.go:40] Failed to load config from \"c:\\\\Users\\\\filip\\\\Desktop\\\\projects\\\\flauc\\\\aj-game-room\\\\dataconnect\": could not find dataconnect.yaml in `c:\\Users\\filip\\Desktop\\projects\\flauc\\aj-game-room\\dataconnect`\n"}}
[debug] [2026-02-21T21:57:36.423Z] E0221 22:57:36.423209   28044 watch.go:40] Failed to load config from "c:\\Users\\filip\\Desktop\\projects\\flauc\\aj-game-room\\dataconnect": could not find dataconnect.yaml in `c:\Users\filip\Desktop\projects\flauc\aj-game-room\dataconnect`
 {"metadata":{"emulator":{"name":"dataconnect"},"message":"E0221 22:57:36.423209   28044 watch.go:40] Failed to load config from \"c:\\\\Users\\\\filip\\\\Desktop\\\\projects\\\\flauc\\\\aj-game-room\\\\dataconnect\": could not find dataconnect.yaml in `c:\\Users\\filip\\Desktop\\projects\\flauc\\aj-game-room\\dataconnect`\n"}}
[debug] [2026-02-21T21:57:46.423Z] E0221 22:57:46.423019   28044 watch.go:40] Failed to load config from "c:\\Users\\filip\\Desktop\\projects\\flauc\\aj-game-room\\dataconnect": could not find dataconnect.yaml in `c:\Users\filip\Desktop\projects\flauc\aj-game-room\dataconnect`
 {"metadata":{"emulator":{"name":"dataconnect"},"message":"E0221 22:57:46.423019   28044 watch.go:40] Failed to load config from \"c:\\\\Users\\\\filip\\\\Desktop\\\\projects\\\\flauc\\\\aj-game-room\\\\dataconnect\": could not find dataconnect.yaml in `c:\\Users\\filip\\Desktop\\projects\\flauc\\aj-game-room\\dataconnect`\n"}}
[debug] [2026-02-21T21:57:56.423Z] E0221 22:57:56.422663   28044 watch.go:116] watchAllDir unable to walk dir `c:\Users\filip\Desktop\projects\flauc\aj-game-room\dataconnect`: CreateFile c:\Users\filip\Desktop\projects\flauc\aj-game-room\dataconnect: The system cannot find the file specified.
 {"metadata":{"emulator":{"name":"dataconnect"},"message":"E0221 22:57:56.422663   28044 watch.go:116] watchAllDir unable to walk dir `c:\\Users\\filip\\Desktop\\projects\\flauc\\aj-game-room\\dataconnect`: CreateFile c:\\Users\\filip\\Desktop\\projects\\flauc\\aj-game-room\\dataconnect: The system cannot find the file specified.\n"}}
[debug] [2026-02-21T21:57:56.424Z] E0221 22:57:56.422663   28044 watch.go:40] Failed to load config from "c:\\Users\\filip\\Desktop\\projects\\flauc\\aj-game-room\\dataconnect": could not find dataconnect.yaml in `c:\Users\filip\Desktop\projects\flauc\aj-game-room\dataconnect`
 {"metadata":{"emulator":{"name":"dataconnect"},"message":"E0221 22:57:56.422663   28044 watch.go:40] Failed to load config from \"c:\\\\Users\\\\filip\\\\Desktop\\\\projects\\\\flauc\\\\aj-game-room\\\\dataconnect\": could not find dataconnect.yaml in `c:\\Users\\filip\\Desktop\\projects\\flauc\\aj-game-room\\dataconnect`\n"}}
[debug] [2026-02-21T21:58:06.422Z] E0221 22:58:06.422590   28044 watch.go:40] Failed to load config from "c:\\Users\\filip\\Desktop\\projects\\flauc\\aj-game-room\\dataconnect": could not find dataconnect.yaml in `c:\Users\filip\Desktop\projects\flauc\aj-game-room\dataconnect`
 {"metadata":{"emulator":{"name":"dataconnect"},"message":"E0221 22:58:06.422590   28044 watch.go:40] Failed to load config from \"c:\\\\Users\\\\filip\\\\Desktop\\\\projects\\\\flauc\\\\aj-game-room\\\\dataconnect\": could not find dataconnect.yaml in `c:\\Users\\filip\\Desktop\\projects\\flauc\\aj-game-room\\dataconnect`\n"}}
[debug] [2026-02-21T21:58:16.422Z] E0221 22:58:16.422418   28044 watch.go:40] Failed to load config from "c:\\Users\\filip\\Desktop\\projects\\flauc\\aj-game-room\\dataconnect": could not find dataconnect.yaml in `c:\Users\filip\Desktop\projects\flauc\aj-game-room\dataconnect`
 {"metadata":{"emulator":{"name":"dataconnect"},"message":"E0221 22:58:16.422418   28044 watch.go:40] Failed to load config from \"c:\\\\Users\\\\filip\\\\Desktop\\\\projects\\\\flauc\\\\aj-game-room\\\\dataconnect\": could not find dataconnect.yaml in `c:\\Users\\filip\\Desktop\\projects\\flauc\\aj-game-room\\dataconnect`\n"}}
[debug] [2026-02-21T21:58:26.422Z] E0221 22:58:26.422639   28044 watch.go:40] Failed to load config from "c:\\Users\\filip\\Desktop\\projects\\flauc\\aj-game-room\\dataconnect": could not find dataconnect.yaml in `c:\Users\filip\Desktop\projects\flauc\aj-game-room\dataconnect`
 {"metadata":{"emulator":{"name":"dataconnect"},"message":"E0221 22:58:26.422639   28044 watch.go:40] Failed to load config from \"c:\\\\Users\\\\filip\\\\Desktop\\\\projects\\\\flauc\\\\aj-game-room\\\\dataconnect\": could not find dataconnect.yaml in `c:\\Users\\filip\\Desktop\\projects\\flauc\\aj-game-room\\dataconnect`\n"}}
[debug] [2026-02-21T21:58:36.422Z] E0221 22:58:36.422458   28044 watch.go:40] Failed to load config from "c:\\Users\\filip\\Desktop\\projects\\flauc\\aj-game-room\\dataconnect": could not find dataconnect.yaml in `c:\Users\filip\Desktop\projects\flauc\aj-game-room\dataconnect`
 {"metadata":{"emulator":{"name":"dataconnect"},"message":"E0221 22:58:36.422458   28044 watch.go:40] Failed to load config from \"c:\\\\Users\\\\filip\\\\Desktop\\\\projects\\\\flauc\\\\aj-game-room\\\\dataconnect\": could not find dataconnect.yaml in `c:\\Users\\filip\\Desktop\\projects\\flauc\\aj-game-room\\dataconnect`\n"}}
[debug] [2026-02-21T21:58:46.423Z] E0221 22:58:46.422846   28044 watch.go:40] Failed to load config from "c:\\Users\\filip\\Desktop\\projects\\flauc\\aj-game-room\\dataconnect": could not find dataconnect.yaml in `c:\Users\filip\Desktop\projects\flauc\aj-game-room\dataconnect`
 {"metadata":{"emulator":{"name":"dataconnect"},"message":"E0221 22:58:46.422846   28044 watch.go:40] Failed to load config from \"c:\\\\Users\\\\filip\\\\Desktop\\\\projects\\\\flauc\\\\aj-game-room\\\\dataconnect\": could not find dataconnect.yaml in `c:\\Users\\filip\\Desktop\\projects\\flauc\\aj-game-room\\dataconnect`\n"}}
[debug] [2026-02-21T21:58:56.422Z] E0221 22:58:56.422797   28044 watch.go:116] watchAllDir unable to walk dir `c:\Users\filip\Desktop\projects\flauc\aj-game-room\dataconnect`: CreateFile c:\Users\filip\Desktop\projects\flauc\aj-game-room\dataconnect: The system cannot find the file specified.
 {"metadata":{"emulator":{"name":"dataconnect"},"message":"E0221 22:58:56.422797   28044 watch.go:116] watchAllDir unable to walk dir `c:\\Users\\filip\\Desktop\\projects\\flauc\\aj-game-room\\dataconnect`: CreateFile c:\\Users\\filip\\Desktop\\projects\\flauc\\aj-game-room\\dataconnect: The system cannot find the file specified.\n"}}
[debug] [2026-02-21T21:58:56.423Z] E0221 22:58:56.423120   28044 watch.go:40] Failed to load config from "c:\\Users\\filip\\Desktop\\projects\\flauc\\aj-game-room\\dataconnect": could not find dataconnect.yaml in `c:\Users\filip\Desktop\projects\flauc\aj-game-room\dataconnect`
 {"metadata":{"emulator":{"name":"dataconnect"},"message":"E0221 22:58:56.423120   28044 watch.go:40] Failed to load config from \"c:\\\\Users\\\\filip\\\\Desktop\\\\projects\\\\flauc\\\\aj-game-room\\\\dataconnect\": could not find dataconnect.yaml in `c:\\Users\\filip\\Desktop\\projects\\flauc\\aj-game-room\\dataconnect`\n"}}
[debug] [2026-02-21T21:59:06.422Z] E0221 22:59:06.422761   28044 watch.go:40] Failed to load config from "c:\\Users\\filip\\Desktop\\projects\\flauc\\aj-game-room\\dataconnect": could not find dataconnect.yaml in `c:\Users\filip\Desktop\projects\flauc\aj-game-room\dataconnect`
 {"metadata":{"emulator":{"name":"dataconnect"},"message":"E0221 22:59:06.422761   28044 watch.go:40] Failed to load config from \"c:\\\\Users\\\\filip\\\\Desktop\\\\projects\\\\flauc\\\\aj-game-room\\\\dataconnect\": could not find dataconnect.yaml in `c:\\Users\\filip\\Desktop\\projects\\flauc\\aj-game-room\\dataconnect`\n"}}
[debug] [2026-02-21T21:59:16.432Z] E0221 22:59:16.422853   28044 watch.go:40] Failed to load config from "c:\\Users\\filip\\Desktop\\projects\\flauc\\aj-game-room\\dataconnect": could not find dataconnect.yaml in `c:\Users\filip\Desktop\projects\flauc\aj-game-room\dataconnect`
 {"metadata":{"emulator":{"name":"dataconnect"},"message":"E0221 22:59:16.422853   28044 watch.go:40] Failed to load config from \"c:\\\\Users\\\\filip\\\\Desktop\\\\projects\\\\flauc\\\\aj-game-room\\\\dataconnect\": could not find dataconnect.yaml in `c:\\Users\\filip\\Desktop\\projects\\flauc\\aj-game-room\\dataconnect`\n"}}
[debug] [2026-02-21T21:59:26.422Z] E0221 22:59:26.422760   28044 watch.go:40] Failed to load config from "c:\\Users\\filip\\Desktop\\projects\\flauc\\aj-game-room\\dataconnect": could not find dataconnect.yaml in `c:\Users\filip\Desktop\projects\flauc\aj-game-room\dataconnect`
 {"metadata":{"emulator":{"name":"dataconnect"},"message":"E0221 22:59:26.422760   28044 watch.go:40] Failed to load config from \"c:\\\\Users\\\\filip\\\\Desktop\\\\projects\\\\flauc\\\\aj-game-room\\\\dataconnect\": could not find dataconnect.yaml in `c:\\Users\\filip\\Desktop\\projects\\flauc\\aj-game-room\\dataconnect`\n"}}
[debug] [2026-02-21T21:59:36.422Z] E0221 22:59:36.422656   28044 watch.go:40] Failed to load config from "c:\\Users\\filip\\Desktop\\projects\\flauc\\aj-game-room\\dataconnect": could not find dataconnect.yaml in `c:\Users\filip\Desktop\projects\flauc\aj-game-room\dataconnect`
 {"metadata":{"emulator":{"name":"dataconnect"},"message":"E0221 22:59:36.422656   28044 watch.go:40] Failed to load config from \"c:\\\\Users\\\\filip\\\\Desktop\\\\projects\\\\flauc\\\\aj-game-room\\\\dataconnect\": could not find dataconnect.yaml in `c:\\Users\\filip\\Desktop\\projects\\flauc\\aj-game-room\\dataconnect`\n"}}
[debug] [2026-02-21T21:59:46.422Z] E0221 22:59:46.422555   28044 watch.go:40] Failed to load config from "c:\\Users\\filip\\Desktop\\projects\\flauc\\aj-game-room\\dataconnect": could not find dataconnect.yaml in `c:\Users\filip\Desktop\projects\flauc\aj-game-room\dataconnect`
 {"metadata":{"emulator":{"name":"dataconnect"},"message":"E0221 22:59:46.422555   28044 watch.go:40] Failed to load config from \"c:\\\\Users\\\\filip\\\\Desktop\\\\projects\\\\flauc\\\\aj-game-room\\\\dataconnect\": could not find dataconnect.yaml in `c:\\Users\\filip\\Desktop\\projects\\flauc\\aj-game-room\\dataconnect`\n"}}
[debug] [2026-02-21T21:59:56.422Z] E0221 22:59:56.422396   28044 watch.go:116] watchAllDir unable to walk dir `c:\Users\filip\Desktop\projects\flauc\aj-game-room\dataconnect`: CreateFile c:\Users\filip\Desktop\projects\flauc\aj-game-room\dataconnect: The system cannot find the file specified.
 {"metadata":{"emulator":{"name":"dataconnect"},"message":"E0221 22:59:56.422396   28044 watch.go:116] watchAllDir unable to walk dir `c:\\Users\\filip\\Desktop\\projects\\flauc\\aj-game-room\\dataconnect`: CreateFile c:\\Users\\filip\\Desktop\\projects\\flauc\\aj-game-room\\dataconnect: The system cannot find the file specified.\n"}}
[debug] [2026-02-21T21:59:56.423Z] E0221 22:59:56.422922   28044 watch.go:40] Failed to load config from "c:\\Users\\filip\\Desktop\\projects\\flauc\\aj-game-room\\dataconnect": could not find dataconnect.yaml in `c:\Users\filip\Desktop\projects\flauc\aj-game-room\dataconnect`
 {"metadata":{"emulator":{"name":"dataconnect"},"message":"E0221 22:59:56.422922   28044 watch.go:40] Failed to load config from \"c:\\\\Users\\\\filip\\\\Desktop\\\\projects\\\\flauc\\\\aj-game-room\\\\dataconnect\": could not find dataconnect.yaml in `c:\\Users\\filip\\Desktop\\projects\\flauc\\aj-game-room\\dataconnect`\n"}}
[debug] [2026-02-21T22:00:06.422Z] E0221 23:00:06.422755   28044 watch.go:40] Failed to load config from "c:\\Users\\filip\\Desktop\\projects\\flauc\\aj-game-room\\dataconnect": could not find dataconnect.yaml in `c:\Users\filip\Desktop\projects\flauc\aj-game-room\dataconnect`
 {"metadata":{"emulator":{"name":"dataconnect"},"message":"E0221 23:00:06.422755   28044 watch.go:40] Failed to load config from \"c:\\\\Users\\\\filip\\\\Desktop\\\\projects\\\\flauc\\\\aj-game-room\\\\dataconnect\": could not find dataconnect.yaml in `c:\\Users\\filip\\Desktop\\projects\\flauc\\aj-game-room\\dataconnect`\n"}}
[debug] [2026-02-21T22:00:16.422Z] E0221 23:00:16.423169   28044 watch.go:40] Failed to load config from "c:\\Users\\filip\\Desktop\\projects\\flauc\\aj-game-room\\dataconnect": could not find dataconnect.yaml in `c:\Users\filip\Desktop\projects\flauc\aj-game-room\dataconnect`
 {"metadata":{"emulator":{"name":"dataconnect"},"message":"E0221 23:00:16.423169   28044 watch.go:40] Failed to load config from \"c:\\\\Users\\\\filip\\\\Desktop\\\\projects\\\\flauc\\\\aj-game-room\\\\dataconnect\": could not find dataconnect.yaml in `c:\\Users\\filip\\Desktop\\projects\\flauc\\aj-game-room\\dataconnect`\n"}}
[debug] [2026-02-21T22:00:26.422Z] E0221 23:00:26.423129   28044 watch.go:40] Failed to load config from "c:\\Users\\filip\\Desktop\\projects\\flauc\\aj-game-room\\dataconnect": could not find dataconnect.yaml in `c:\Users\filip\Desktop\projects\flauc\aj-game-room\dataconnect`
 {"metadata":{"emulator":{"name":"dataconnect"},"message":"E0221 23:00:26.423129   28044 watch.go:40] Failed to load config from \"c:\\\\Users\\\\filip\\\\Desktop\\\\projects\\\\flauc\\\\aj-game-room\\\\dataconnect\": could not find dataconnect.yaml in `c:\\Users\\filip\\Desktop\\projects\\flauc\\aj-game-room\\dataconnect`\n"}}
[debug] [2026-02-21T22:00:36.422Z] E0221 23:00:36.422514   28044 watch.go:40] Failed to load config from "c:\\Users\\filip\\Desktop\\projects\\flauc\\aj-game-room\\dataconnect": could not find dataconnect.yaml in `c:\Users\filip\Desktop\projects\flauc\aj-game-room\dataconnect`
 {"metadata":{"emulator":{"name":"dataconnect"},"message":"E0221 23:00:36.422514   28044 watch.go:40] Failed to load config from \"c:\\\\Users\\\\filip\\\\Desktop\\\\projects\\\\flauc\\\\aj-game-room\\\\dataconnect\": could not find dataconnect.yaml in `c:\\Users\\filip\\Desktop\\projects\\flauc\\aj-game-room\\dataconnect`\n"}}
[debug] [2026-02-21T22:00:46.422Z] E0221 23:00:46.422942   28044 watch.go:40] Failed to load config from "c:\\Users\\filip\\Desktop\\projects\\flauc\\aj-game-room\\dataconnect": could not find dataconnect.yaml in `c:\Users\filip\Desktop\projects\flauc\aj-game-room\dataconnect`
 {"metadata":{"emulator":{"name":"dataconnect"},"message":"E0221 23:00:46.422942   28044 watch.go:40] Failed to load config from \"c:\\\\Users\\\\filip\\\\Desktop\\\\projects\\\\flauc\\\\aj-game-room\\\\dataconnect\": could not find dataconnect.yaml in `c:\\Users\\filip\\Desktop\\projects\\flauc\\aj-game-room\\dataconnect`\n"}}
[debug] [2026-02-21T22:00:56.422Z] E0221 23:00:56.422543   28044 watch.go:116] watchAllDir unable to walk dir `c:\Users\filip\Desktop\projects\flauc\aj-game-room\dataconnect`: CreateFile c:\Users\filip\Desktop\projects\flauc\aj-game-room\dataconnect: The system cannot find the file specified.
E0221 23:00:56.422543   28044 watch.go:40] Failed to load config from "c:\\Users\\filip\\Desktop\\projects\\flauc\\aj-game-room\\dataconnect": could not find dataconnect.yaml in `c:\Users\filip\Desktop\projects\flauc\aj-game-room\dataconnect`
 {"metadata":{"emulator":{"name":"dataconnect"},"message":"E0221 23:00:56.422543   28044 watch.go:116] watchAllDir unable to walk dir `c:\\Users\\filip\\Desktop\\projects\\flauc\\aj-game-room\\dataconnect`: CreateFile c:\\Users\\filip\\Desktop\\projects\\flauc\\aj-game-room\\dataconnect: The system cannot find the file specified.\nE0221 23:00:56.422543   28044 watch.go:40] Failed to load config from \"c:\\\\Users\\\\filip\\\\Desktop\\\\projects\\\\flauc\\\\aj-game-room\\\\dataconnect\": could not find dataconnect.yaml in `c:\\Users\\filip\\Desktop\\projects\\flauc\\aj-game-room\\dataconnect`\n"}}
[debug] [2026-02-21T22:01:06.421Z] E0221 23:01:06.422678   28044 watch.go:40] Failed to load config from "c:\\Users\\filip\\Desktop\\projects\\flauc\\aj-game-room\\dataconnect": could not find dataconnect.yaml in `c:\Users\filip\Desktop\projects\flauc\aj-game-room\dataconnect`
 {"metadata":{"emulator":{"name":"dataconnect"},"message":"E0221 23:01:06.422678   28044 watch.go:40] Failed to load config from \"c:\\\\Users\\\\filip\\\\Desktop\\\\projects\\\\flauc\\\\aj-game-room\\\\dataconnect\": could not find dataconnect.yaml in `c:\\Users\\filip\\Desktop\\projects\\flauc\\aj-game-room\\dataconnect`\n"}}
[debug] [2026-02-21T22:01:16.421Z] E0221 23:01:16.422701   28044 watch.go:40] Failed to load config from "c:\\Users\\filip\\Desktop\\projects\\flauc\\aj-game-room\\dataconnect": could not find dataconnect.yaml in `c:\Users\filip\Desktop\projects\flauc\aj-game-room\dataconnect`
 {"metadata":{"emulator":{"name":"dataconnect"},"message":"E0221 23:01:16.422701   28044 watch.go:40] Failed to load config from \"c:\\\\Users\\\\filip\\\\Desktop\\\\projects\\\\flauc\\\\aj-game-room\\\\dataconnect\": could not find dataconnect.yaml in `c:\\Users\\filip\\Desktop\\projects\\flauc\\aj-game-room\\dataconnect`\n"}}
[debug] [2026-02-21T22:01:26.421Z] E0221 23:01:26.422822   28044 watch.go:40] Failed to load config from "c:\\Users\\filip\\Desktop\\projects\\flauc\\aj-game-room\\dataconnect": could not find dataconnect.yaml in `c:\Users\filip\Desktop\projects\flauc\aj-game-room\dataconnect`
 {"metadata":{"emulator":{"name":"dataconnect"},"message":"E0221 23:01:26.422822   28044 watch.go:40] Failed to load config from \"c:\\\\Users\\\\filip\\\\Desktop\\\\projects\\\\flauc\\\\aj-game-room\\\\dataconnect\": could not find dataconnect.yaml in `c:\\Users\\filip\\Desktop\\projects\\flauc\\aj-game-room\\dataconnect`\n"}}
[debug] [2026-02-21T22:01:36.421Z] E0221 23:01:36.422589   28044 watch.go:40] Failed to load config from "c:\\Users\\filip\\Desktop\\projects\\flauc\\aj-game-room\\dataconnect": could not find dataconnect.yaml in `c:\Users\filip\Desktop\projects\flauc\aj-game-room\dataconnect`
 {"metadata":{"emulator":{"name":"dataconnect"},"message":"E0221 23:01:36.422589   28044 watch.go:40] Failed to load config from \"c:\\\\Users\\\\filip\\\\Desktop\\\\projects\\\\flauc\\\\aj-game-room\\\\dataconnect\": could not find dataconnect.yaml in `c:\\Users\\filip\\Desktop\\projects\\flauc\\aj-game-room\\dataconnect`\n"}}
[debug] [2026-02-21T22:01:46.421Z] E0221 23:01:46.422812   28044 watch.go:40] Failed to load config from "c:\\Users\\filip\\Desktop\\projects\\flauc\\aj-game-room\\dataconnect": could not find dataconnect.yaml in `c:\Users\filip\Desktop\projects\flauc\aj-game-room\dataconnect`
 {"metadata":{"emulator":{"name":"dataconnect"},"message":"E0221 23:01:46.422812   28044 watch.go:40] Failed to load config from \"c:\\\\Users\\\\filip\\\\Desktop\\\\projects\\\\flauc\\\\aj-game-room\\\\dataconnect\": could not find dataconnect.yaml in `c:\\Users\\filip\\Desktop\\projects\\flauc\\aj-game-room\\dataconnect`\n"}}
[debug] [2026-02-21T22:01:56.421Z] E0221 23:01:56.423274   28044 watch.go:116] watchAllDir unable to walk dir `c:\Users\filip\Desktop\projects\flauc\aj-game-room\dataconnect`: CreateFile c:\Users\filip\Desktop\projects\flauc\aj-game-room\dataconnect: The system cannot find the file specified.
 {"metadata":{"emulator":{"name":"dataconnect"},"message":"E0221 23:01:56.423274   28044 watch.go:116] watchAllDir unable to walk dir `c:\\Users\\filip\\Desktop\\projects\\flauc\\aj-game-room\\dataconnect`: CreateFile c:\\Users\\filip\\Desktop\\projects\\flauc\\aj-game-room\\dataconnect: The system cannot find the file specified.\n"}}
[debug] [2026-02-21T22:01:56.423Z] E0221 23:01:56.423820   28044 watch.go:40] Failed to load config from "c:\\Users\\filip\\Desktop\\projects\\flauc\\aj-game-room\\dataconnect": could not find dataconnect.yaml in `c:\Users\filip\Desktop\projects\flauc\aj-game-room\dataconnect`
 {"metadata":{"emulator":{"name":"dataconnect"},"message":"E0221 23:01:56.423820   28044 watch.go:40] Failed to load config from \"c:\\\\Users\\\\filip\\\\Desktop\\\\projects\\\\flauc\\\\aj-game-room\\\\dataconnect\": could not find dataconnect.yaml in `c:\\Users\\filip\\Desktop\\projects\\flauc\\aj-game-room\\dataconnect`\n"}}
[debug] [2026-02-21T22:02:06.422Z] E0221 23:02:06.422748   28044 watch.go:40] Failed to load config from "c:\\Users\\filip\\Desktop\\projects\\flauc\\aj-game-room\\dataconnect": could not find dataconnect.yaml in `c:\Users\filip\Desktop\projects\flauc\aj-game-room\dataconnect`
 {"metadata":{"emulator":{"name":"dataconnect"},"message":"E0221 23:02:06.422748   28044 watch.go:40] Failed to load config from \"c:\\\\Users\\\\filip\\\\Desktop\\\\projects\\\\flauc\\\\aj-game-room\\\\dataconnect\": could not find dataconnect.yaml in `c:\\Users\\filip\\Desktop\\projects\\flauc\\aj-game-room\\dataconnect`\n"}}
[debug] [2026-02-21T22:02:16.422Z] E0221 23:02:16.422593   28044 watch.go:40] Failed to load config from "c:\\Users\\filip\\Desktop\\projects\\flauc\\aj-game-room\\dataconnect": could not find dataconnect.yaml in `c:\Users\filip\Desktop\projects\flauc\aj-game-room\dataconnect`
 {"metadata":{"emulator":{"name":"dataconnect"},"message":"E0221 23:02:16.422593   28044 watch.go:40] Failed to load config from \"c:\\\\Users\\\\filip\\\\Desktop\\\\projects\\\\flauc\\\\aj-game-room\\\\dataconnect\": could not find dataconnect.yaml in `c:\\Users\\filip\\Desktop\\projects\\flauc\\aj-game-room\\dataconnect`\n"}}
[debug] [2026-02-21T22:02:26.422Z] E0221 23:02:26.422697   28044 watch.go:40] Failed to load config from "c:\\Users\\filip\\Desktop\\projects\\flauc\\aj-game-room\\dataconnect": could not find dataconnect.yaml in `c:\Users\filip\Desktop\projects\flauc\aj-game-room\dataconnect`
 {"metadata":{"emulator":{"name":"dataconnect"},"message":"E0221 23:02:26.422697   28044 watch.go:40] Failed to load config from \"c:\\\\Users\\\\filip\\\\Desktop\\\\projects\\\\flauc\\\\aj-game-room\\\\dataconnect\": could not find dataconnect.yaml in `c:\\Users\\filip\\Desktop\\projects\\flauc\\aj-game-room\\dataconnect`\n"}}
[debug] [2026-02-21T22:02:36.422Z] E0221 23:02:36.422589   28044 watch.go:40] Failed to load config from "c:\\Users\\filip\\Desktop\\projects\\flauc\\aj-game-room\\dataconnect": could not find dataconnect.yaml in `c:\Users\filip\Desktop\projects\flauc\aj-game-room\dataconnect`
 {"metadata":{"emulator":{"name":"dataconnect"},"message":"E0221 23:02:36.422589   28044 watch.go:40] Failed to load config from \"c:\\\\Users\\\\filip\\\\Desktop\\\\projects\\\\flauc\\\\aj-game-room\\\\dataconnect\": could not find dataconnect.yaml in `c:\\Users\\filip\\Desktop\\projects\\flauc\\aj-game-room\\dataconnect`\n"}}
[debug] [2026-02-21T22:02:46.422Z] E0221 23:02:46.422813   28044 watch.go:40] Failed to load config from "c:\\Users\\filip\\Desktop\\projects\\flauc\\aj-game-room\\dataconnect": could not find dataconnect.yaml in `c:\Users\filip\Desktop\projects\flauc\aj-game-room\dataconnect`
 {"metadata":{"emulator":{"name":"dataconnect"},"message":"E0221 23:02:46.422813   28044 watch.go:40] Failed to load config from \"c:\\\\Users\\\\filip\\\\Desktop\\\\projects\\\\flauc\\\\aj-game-room\\\\dataconnect\": could not find dataconnect.yaml in `c:\\Users\\filip\\Desktop\\projects\\flauc\\aj-game-room\\dataconnect`\n"}}
[debug] [2026-02-21T22:02:56.422Z] E0221 23:02:56.422765   28044 watch.go:116] watchAllDir unable to walk dir `c:\Users\filip\Desktop\projects\flauc\aj-game-room\dataconnect`: CreateFile c:\Users\filip\Desktop\projects\flauc\aj-game-room\dataconnect: The system cannot find the file specified.
 {"metadata":{"emulator":{"name":"dataconnect"},"message":"E0221 23:02:56.422765   28044 watch.go:116] watchAllDir unable to walk dir `c:\\Users\\filip\\Desktop\\projects\\flauc\\aj-game-room\\dataconnect`: CreateFile c:\\Users\\filip\\Desktop\\projects\\flauc\\aj-game-room\\dataconnect: The system cannot find the file specified.\n"}}
[debug] [2026-02-21T22:02:56.424Z] E0221 23:02:56.422765   28044 watch.go:40] Failed to load config from "c:\\Users\\filip\\Desktop\\projects\\flauc\\aj-game-room\\dataconnect": could not find dataconnect.yaml in `c:\Users\filip\Desktop\projects\flauc\aj-game-room\dataconnect`
 {"metadata":{"emulator":{"name":"dataconnect"},"message":"E0221 23:02:56.422765   28044 watch.go:40] Failed to load config from \"c:\\\\Users\\\\filip\\\\Desktop\\\\projects\\\\flauc\\\\aj-game-room\\\\dataconnect\": could not find dataconnect.yaml in `c:\\Users\\filip\\Desktop\\projects\\flauc\\aj-game-room\\dataconnect`\n"}}
[debug] [2026-02-21T22:03:06.422Z] E0221 23:03:06.422663   28044 watch.go:40] Failed to load config from "c:\\Users\\filip\\Desktop\\projects\\flauc\\aj-game-room\\dataconnect": could not find dataconnect.yaml in `c:\Users\filip\Desktop\projects\flauc\aj-game-room\dataconnect`
 {"metadata":{"emulator":{"name":"dataconnect"},"message":"E0221 23:03:06.422663   28044 watch.go:40] Failed to load config from \"c:\\\\Users\\\\filip\\\\Desktop\\\\projects\\\\flauc\\\\aj-game-room\\\\dataconnect\": could not find dataconnect.yaml in `c:\\Users\\filip\\Desktop\\projects\\flauc\\aj-game-room\\dataconnect`\n"}}
[debug] [2026-02-21T22:03:16.423Z] E0221 23:03:16.423678   28044 watch.go:40] Failed to load config from "c:\\Users\\filip\\Desktop\\projects\\flauc\\aj-game-room\\dataconnect": could not find dataconnect.yaml in `c:\Users\filip\Desktop\projects\flauc\aj-game-room\dataconnect`
 {"metadata":{"emulator":{"name":"dataconnect"},"message":"E0221 23:03:16.423678   28044 watch.go:40] Failed to load config from \"c:\\\\Users\\\\filip\\\\Desktop\\\\projects\\\\flauc\\\\aj-game-room\\\\dataconnect\": could not find dataconnect.yaml in `c:\\Users\\filip\\Desktop\\projects\\flauc\\aj-game-room\\dataconnect`\n"}}
[debug] [2026-02-21T22:03:26.425Z] E0221 23:03:26.424355   28044 watch.go:40] Failed to load config from "c:\\Users\\filip\\Desktop\\projects\\flauc\\aj-game-room\\dataconnect": could not find dataconnect.yaml in `c:\Users\filip\Desktop\projects\flauc\aj-game-room\dataconnect`
 {"metadata":{"emulator":{"name":"dataconnect"},"message":"E0221 23:03:26.424355   28044 watch.go:40] Failed to load config from \"c:\\\\Users\\\\filip\\\\Desktop\\\\projects\\\\flauc\\\\aj-game-room\\\\dataconnect\": could not find dataconnect.yaml in `c:\\Users\\filip\\Desktop\\projects\\flauc\\aj-game-room\\dataconnect`\n"}}
[debug] [2026-02-21T22:03:36.423Z] E0221 23:03:36.423211   28044 watch.go:40] Failed to load config from "c:\\Users\\filip\\Desktop\\projects\\flauc\\aj-game-room\\dataconnect": could not find dataconnect.yaml in `c:\Users\filip\Desktop\projects\flauc\aj-game-room\dataconnect`
 {"metadata":{"emulator":{"name":"dataconnect"},"message":"E0221 23:03:36.423211   28044 watch.go:40] Failed to load config from \"c:\\\\Users\\\\filip\\\\Desktop\\\\projects\\\\flauc\\\\aj-game-room\\\\dataconnect\": could not find dataconnect.yaml in `c:\\Users\\filip\\Desktop\\projects\\flauc\\aj-game-room\\dataconnect`\n"}}
[debug] [2026-02-21T22:03:46.423Z] E0221 23:03:46.423668   28044 watch.go:40] Failed to load config from "c:\\Users\\filip\\Desktop\\projects\\flauc\\aj-game-room\\dataconnect": could not find dataconnect.yaml in `c:\Users\filip\Desktop\projects\flauc\aj-game-room\dataconnect`
 {"metadata":{"emulator":{"name":"dataconnect"},"message":"E0221 23:03:46.423668   28044 watch.go:40] Failed to load config from \"c:\\\\Users\\\\filip\\\\Desktop\\\\projects\\\\flauc\\\\aj-game-room\\\\dataconnect\": could not find dataconnect.yaml in `c:\\Users\\filip\\Desktop\\projects\\flauc\\aj-game-room\\dataconnect`\n"}}
[debug] [2026-02-21T22:03:56.423Z] E0221 23:03:56.422978   28044 watch.go:116] watchAllDir unable to walk dir `c:\Users\filip\Desktop\projects\flauc\aj-game-room\dataconnect`: CreateFile c:\Users\filip\Desktop\projects\flauc\aj-game-room\dataconnect: The system cannot find the file specified.
 {"metadata":{"emulator":{"name":"dataconnect"},"message":"E0221 23:03:56.422978   28044 watch.go:116] watchAllDir unable to walk dir `c:\\Users\\filip\\Desktop\\projects\\flauc\\aj-game-room\\dataconnect`: CreateFile c:\\Users\\filip\\Desktop\\projects\\flauc\\aj-game-room\\dataconnect: The system cannot find the file specified.\n"}}
[debug] [2026-02-21T22:03:56.425Z] E0221 23:03:56.424878   28044 watch.go:40] Failed to load config from "c:\\Users\\filip\\Desktop\\projects\\flauc\\aj-game-room\\dataconnect": could not find dataconnect.yaml in `c:\Users\filip\Desktop\projects\flauc\aj-game-room\dataconnect`
 {"metadata":{"emulator":{"name":"dataconnect"},"message":"E0221 23:03:56.424878   28044 watch.go:40] Failed to load config from \"c:\\\\Users\\\\filip\\\\Desktop\\\\projects\\\\flauc\\\\aj-game-room\\\\dataconnect\": could not find dataconnect.yaml in `c:\\Users\\filip\\Desktop\\projects\\flauc\\aj-game-room\\dataconnect`\n"}}
[debug] [2026-02-21T22:04:06.423Z] E0221 23:04:06.423956   28044 watch.go:40] Failed to load config from "c:\\Users\\filip\\Desktop\\projects\\flauc\\aj-game-room\\dataconnect": could not find dataconnect.yaml in `c:\Users\filip\Desktop\projects\flauc\aj-game-room\dataconnect`
 {"metadata":{"emulator":{"name":"dataconnect"},"message":"E0221 23:04:06.423956   28044 watch.go:40] Failed to load config from \"c:\\\\Users\\\\filip\\\\Desktop\\\\projects\\\\flauc\\\\aj-game-room\\\\dataconnect\": could not find dataconnect.yaml in `c:\\Users\\filip\\Desktop\\projects\\flauc\\aj-game-room\\dataconnect`\n"}}
[debug] [2026-02-21T22:04:16.423Z] E0221 23:04:16.423501   28044 watch.go:40] Failed to load config from "c:\\Users\\filip\\Desktop\\projects\\flauc\\aj-game-room\\dataconnect": could not find dataconnect.yaml in `c:\Users\filip\Desktop\projects\flauc\aj-game-room\dataconnect`
 {"metadata":{"emulator":{"name":"dataconnect"},"message":"E0221 23:04:16.423501   28044 watch.go:40] Failed to load config from \"c:\\\\Users\\\\filip\\\\Desktop\\\\projects\\\\flauc\\\\aj-game-room\\\\dataconnect\": could not find dataconnect.yaml in `c:\\Users\\filip\\Desktop\\projects\\flauc\\aj-game-room\\dataconnect`\n"}}
[debug] [2026-02-21T22:04:26.423Z] E0221 23:04:26.423653   28044 watch.go:40] Failed to load config from "c:\\Users\\filip\\Desktop\\projects\\flauc\\aj-game-room\\dataconnect": could not find dataconnect.yaml in `c:\Users\filip\Desktop\projects\flauc\aj-game-room\dataconnect`
 {"metadata":{"emulator":{"name":"dataconnect"},"message":"E0221 23:04:26.423653   28044 watch.go:40] Failed to load config from \"c:\\\\Users\\\\filip\\\\Desktop\\\\projects\\\\flauc\\\\aj-game-room\\\\dataconnect\": could not find dataconnect.yaml in `c:\\Users\\filip\\Desktop\\projects\\flauc\\aj-game-room\\dataconnect`\n"}}
[debug] [2026-02-21T22:04:36.423Z] E0221 23:04:36.423800   28044 watch.go:40] Failed to load config from "c:\\Users\\filip\\Desktop\\projects\\flauc\\aj-game-room\\dataconnect": could not find dataconnect.yaml in `c:\Users\filip\Desktop\projects\flauc\aj-game-room\dataconnect`
 {"metadata":{"emulator":{"name":"dataconnect"},"message":"E0221 23:04:36.423800   28044 watch.go:40] Failed to load config from \"c:\\\\Users\\\\filip\\\\Desktop\\\\projects\\\\flauc\\\\aj-game-room\\\\dataconnect\": could not find dataconnect.yaml in `c:\\Users\\filip\\Desktop\\projects\\flauc\\aj-game-room\\dataconnect`\n"}}
[debug] [2026-02-21T22:04:46.423Z] E0221 23:04:46.423866   28044 watch.go:40] Failed to load config from "c:\\Users\\filip\\Desktop\\projects\\flauc\\aj-game-room\\dataconnect": could not find dataconnect.yaml in `c:\Users\filip\Desktop\projects\flauc\aj-game-room\dataconnect`
 {"metadata":{"emulator":{"name":"dataconnect"},"message":"E0221 23:04:46.423866   28044 watch.go:40] Failed to load config from \"c:\\\\Users\\\\filip\\\\Desktop\\\\projects\\\\flauc\\\\aj-game-room\\\\dataconnect\": could not find dataconnect.yaml in `c:\\Users\\filip\\Desktop\\projects\\flauc\\aj-game-room\\dataconnect`\n"}}
[debug] [2026-02-21T22:04:56.423Z] E0221 23:04:56.423481   28044 watch.go:116] watchAllDir unable to walk dir `c:\Users\filip\Desktop\projects\flauc\aj-game-room\dataconnect`: CreateFile c:\Users\filip\Desktop\projects\flauc\aj-game-room\dataconnect: The system cannot find the file specified.
E0221 23:04:56.423481   28044 watch.go:40] Failed to load config from "c:\\Users\\filip\\Desktop\\projects\\flauc\\aj-game-room\\dataconnect": could not find dataconnect.yaml in `c:\Users\filip\Desktop\projects\flauc\aj-game-room\dataconnect`
 {"metadata":{"emulator":{"name":"dataconnect"},"message":"E0221 23:04:56.423481   28044 watch.go:116] watchAllDir unable to walk dir `c:\\Users\\filip\\Desktop\\projects\\flauc\\aj-game-room\\dataconnect`: CreateFile c:\\Users\\filip\\Desktop\\projects\\flauc\\aj-game-room\\dataconnect: The system cannot find the file specified.\nE0221 23:04:56.423481   28044 watch.go:40] Failed to load config from \"c:\\\\Users\\\\filip\\\\Desktop\\\\projects\\\\flauc\\\\aj-game-room\\\\dataconnect\": could not find dataconnect.yaml in `c:\\Users\\filip\\Desktop\\projects\\flauc\\aj-game-room\\dataconnect`\n"}}
[debug] [2026-02-21T22:05:06.423Z] E0221 23:05:06.424646   28044 watch.go:40] Failed to load config from "c:\\Users\\filip\\Desktop\\projects\\flauc\\aj-game-room\\dataconnect": could not find dataconnect.yaml in `c:\Users\filip\Desktop\projects\flauc\aj-game-room\dataconnect`
 {"metadata":{"emulator":{"name":"dataconnect"},"message":"E0221 23:05:06.424646   28044 watch.go:40] Failed to load config from \"c:\\\\Users\\\\filip\\\\Desktop\\\\projects\\\\flauc\\\\aj-game-room\\\\dataconnect\": could not find dataconnect.yaml in `c:\\Users\\filip\\Desktop\\projects\\flauc\\aj-game-room\\dataconnect`\n"}}
[debug] [2026-02-21T22:05:16.422Z] E0221 23:05:16.423807   28044 watch.go:40] Failed to load config from "c:\\Users\\filip\\Desktop\\projects\\flauc\\aj-game-room\\dataconnect": could not find dataconnect.yaml in `c:\Users\filip\Desktop\projects\flauc\aj-game-room\dataconnect`
 {"metadata":{"emulator":{"name":"dataconnect"},"message":"E0221 23:05:16.423807   28044 watch.go:40] Failed to load config from \"c:\\\\Users\\\\filip\\\\Desktop\\\\projects\\\\flauc\\\\aj-game-room\\\\dataconnect\": could not find dataconnect.yaml in `c:\\Users\\filip\\Desktop\\projects\\flauc\\aj-game-room\\dataconnect`\n"}}
[debug] [2026-02-21T22:05:26.422Z] E0221 23:05:26.423962   28044 watch.go:40] Failed to load config from "c:\\Users\\filip\\Desktop\\projects\\flauc\\aj-game-room\\dataconnect": could not find dataconnect.yaml in `c:\Users\filip\Desktop\projects\flauc\aj-game-room\dataconnect`
 {"metadata":{"emulator":{"name":"dataconnect"},"message":"E0221 23:05:26.423962   28044 watch.go:40] Failed to load config from \"c:\\\\Users\\\\filip\\\\Desktop\\\\projects\\\\flauc\\\\aj-game-room\\\\dataconnect\": could not find dataconnect.yaml in `c:\\Users\\filip\\Desktop\\projects\\flauc\\aj-game-room\\dataconnect`\n"}}
[debug] [2026-02-21T22:05:36.422Z] E0221 23:05:36.423772   28044 watch.go:40] Failed to load config from "c:\\Users\\filip\\Desktop\\projects\\flauc\\aj-game-room\\dataconnect": could not find dataconnect.yaml in `c:\Users\filip\Desktop\projects\flauc\aj-game-room\dataconnect`
 {"metadata":{"emulator":{"name":"dataconnect"},"message":"E0221 23:05:36.423772   28044 watch.go:40] Failed to load config from \"c:\\\\Users\\\\filip\\\\Desktop\\\\projects\\\\flauc\\\\aj-game-room\\\\dataconnect\": could not find dataconnect.yaml in `c:\\Users\\filip\\Desktop\\projects\\flauc\\aj-game-room\\dataconnect`\n"}}
[debug] [2026-02-21T22:05:46.422Z] E0221 23:05:46.423741   28044 watch.go:40] Failed to load config from "c:\\Users\\filip\\Desktop\\projects\\flauc\\aj-game-room\\dataconnect": could not find dataconnect.yaml in `c:\Users\filip\Desktop\projects\flauc\aj-game-room\dataconnect`
 {"metadata":{"emulator":{"name":"dataconnect"},"message":"E0221 23:05:46.423741   28044 watch.go:40] Failed to load config from \"c:\\\\Users\\\\filip\\\\Desktop\\\\projects\\\\flauc\\\\aj-game-room\\\\dataconnect\": could not find dataconnect.yaml in `c:\\Users\\filip\\Desktop\\projects\\flauc\\aj-game-room\\dataconnect`\n"}}
[debug] [2026-02-21T22:05:56.422Z] E0221 23:05:56.423105   28044 watch.go:116] watchAllDir unable to walk dir `c:\Users\filip\Desktop\projects\flauc\aj-game-room\dataconnect`: CreateFile c:\Users\filip\Desktop\projects\flauc\aj-game-room\dataconnect: The system cannot find the file specified.
 {"metadata":{"emulator":{"name":"dataconnect"},"message":"E0221 23:05:56.423105   28044 watch.go:116] watchAllDir unable to walk dir `c:\\Users\\filip\\Desktop\\projects\\flauc\\aj-game-room\\dataconnect`: CreateFile c:\\Users\\filip\\Desktop\\projects\\flauc\\aj-game-room\\dataconnect: The system cannot find the file specified.\n"}}
[debug] [2026-02-21T22:05:56.424Z] E0221 23:05:56.423616   28044 watch.go:40] Failed to load config from "c:\\Users\\filip\\Desktop\\projects\\flauc\\aj-game-room\\dataconnect": could not find dataconnect.yaml in `c:\Users\filip\Desktop\projects\flauc\aj-game-room\dataconnect`
 {"metadata":{"emulator":{"name":"dataconnect"},"message":"E0221 23:05:56.423616   28044 watch.go:40] Failed to load config from \"c:\\\\Users\\\\filip\\\\Desktop\\\\projects\\\\flauc\\\\aj-game-room\\\\dataconnect\": could not find dataconnect.yaml in `c:\\Users\\filip\\Desktop\\projects\\flauc\\aj-game-room\\dataconnect`\n"}}
[debug] [2026-02-21T22:06:06.424Z] E0221 23:06:06.424319   28044 watch.go:40] Failed to load config from "c:\\Users\\filip\\Desktop\\projects\\flauc\\aj-game-room\\dataconnect": could not find dataconnect.yaml in `c:\Users\filip\Desktop\projects\flauc\aj-game-room\dataconnect`
 {"metadata":{"emulator":{"name":"dataconnect"},"message":"E0221 23:06:06.424319   28044 watch.go:40] Failed to load config from \"c:\\\\Users\\\\filip\\\\Desktop\\\\projects\\\\flauc\\\\aj-game-room\\\\dataconnect\": could not find dataconnect.yaml in `c:\\Users\\filip\\Desktop\\projects\\flauc\\aj-game-room\\dataconnect`\n"}}
[debug] [2026-02-21T22:06:16.423Z] E0221 23:06:16.423427   28044 watch.go:40] Failed to load config from "c:\\Users\\filip\\Desktop\\projects\\flauc\\aj-game-room\\dataconnect": could not find dataconnect.yaml in `c:\Users\filip\Desktop\projects\flauc\aj-game-room\dataconnect`
 {"metadata":{"emulator":{"name":"dataconnect"},"message":"E0221 23:06:16.423427   28044 watch.go:40] Failed to load config from \"c:\\\\Users\\\\filip\\\\Desktop\\\\projects\\\\flauc\\\\aj-game-room\\\\dataconnect\": could not find dataconnect.yaml in `c:\\Users\\filip\\Desktop\\projects\\flauc\\aj-game-room\\dataconnect`\n"}}
[debug] [2026-02-21T22:06:26.423Z] E0221 23:06:26.423848   28044 watch.go:40] Failed to load config from "c:\\Users\\filip\\Desktop\\projects\\flauc\\aj-game-room\\dataconnect": could not find dataconnect.yaml in `c:\Users\filip\Desktop\projects\flauc\aj-game-room\dataconnect`
 {"metadata":{"emulator":{"name":"dataconnect"},"message":"E0221 23:06:26.423848   28044 watch.go:40] Failed to load config from \"c:\\\\Users\\\\filip\\\\Desktop\\\\projects\\\\flauc\\\\aj-game-room\\\\dataconnect\": could not find dataconnect.yaml in `c:\\Users\\filip\\Desktop\\projects\\flauc\\aj-game-room\\dataconnect`\n"}}
[debug] [2026-02-21T22:06:36.423Z] E0221 23:06:36.422780   28044 watch.go:40] Failed to load config from "c:\\Users\\filip\\Desktop\\projects\\flauc\\aj-game-room\\dataconnect": could not find dataconnect.yaml in `c:\Users\filip\Desktop\projects\flauc\aj-game-room\dataconnect`
 {"metadata":{"emulator":{"name":"dataconnect"},"message":"E0221 23:06:36.422780   28044 watch.go:40] Failed to load config from \"c:\\\\Users\\\\filip\\\\Desktop\\\\projects\\\\flauc\\\\aj-game-room\\\\dataconnect\": could not find dataconnect.yaml in `c:\\Users\\filip\\Desktop\\projects\\flauc\\aj-game-room\\dataconnect`\n"}}
[debug] [2026-02-21T22:06:46.424Z] E0221 23:06:46.424662   28044 watch.go:40] Failed to load config from "c:\\Users\\filip\\Desktop\\projects\\flauc\\aj-game-room\\dataconnect": could not find dataconnect.yaml in `c:\Users\filip\Desktop\projects\flauc\aj-game-room\dataconnect`
 {"metadata":{"emulator":{"name":"dataconnect"},"message":"E0221 23:06:46.424662   28044 watch.go:40] Failed to load config from \"c:\\\\Users\\\\filip\\\\Desktop\\\\projects\\\\flauc\\\\aj-game-room\\\\dataconnect\": could not find dataconnect.yaml in `c:\\Users\\filip\\Desktop\\projects\\flauc\\aj-game-room\\dataconnect`\n"}}
[debug] [2026-02-21T22:06:56.423Z] E0221 23:06:56.423735   28044 watch.go:116] watchAllDir unable to walk dir `c:\Users\filip\Desktop\projects\flauc\aj-game-room\dataconnect`: CreateFile c:\Users\filip\Desktop\projects\flauc\aj-game-room\dataconnect: The system cannot find the file specified.
 {"metadata":{"emulator":{"name":"dataconnect"},"message":"E0221 23:06:56.423735   28044 watch.go:116] watchAllDir unable to walk dir `c:\\Users\\filip\\Desktop\\projects\\flauc\\aj-game-room\\dataconnect`: CreateFile c:\\Users\\filip\\Desktop\\projects\\flauc\\aj-game-room\\dataconnect: The system cannot find the file specified.\n"}}
[debug] [2026-02-21T22:06:56.426Z] E0221 23:06:56.425202   28044 watch.go:40] Failed to load config from "c:\\Users\\filip\\Desktop\\projects\\flauc\\aj-game-room\\dataconnect": could not find dataconnect.yaml in `c:\Users\filip\Desktop\projects\flauc\aj-game-room\dataconnect`
 {"metadata":{"emulator":{"name":"dataconnect"},"message":"E0221 23:06:56.425202   28044 watch.go:40] Failed to load config from \"c:\\\\Users\\\\filip\\\\Desktop\\\\projects\\\\flauc\\\\aj-game-room\\\\dataconnect\": could not find dataconnect.yaml in `c:\\Users\\filip\\Desktop\\projects\\flauc\\aj-game-room\\dataconnect`\n"}}
[debug] [2026-02-21T22:07:06.423Z] E0221 23:07:06.424308   28044 watch.go:40] Failed to load config from "c:\\Users\\filip\\Desktop\\projects\\flauc\\aj-game-room\\dataconnect": could not find dataconnect.yaml in `c:\Users\filip\Desktop\projects\flauc\aj-game-room\dataconnect`
 {"metadata":{"emulator":{"name":"dataconnect"},"message":"E0221 23:07:06.424308   28044 watch.go:40] Failed to load config from \"c:\\\\Users\\\\filip\\\\Desktop\\\\projects\\\\flauc\\\\aj-game-room\\\\dataconnect\": could not find dataconnect.yaml in `c:\\Users\\filip\\Desktop\\projects\\flauc\\aj-game-room\\dataconnect`\n"}}
[debug] [2026-02-21T22:07:16.422Z] E0221 23:07:16.423494   28044 watch.go:40] Failed to load config from "c:\\Users\\filip\\Desktop\\projects\\flauc\\aj-game-room\\dataconnect": could not find dataconnect.yaml in `c:\Users\filip\Desktop\projects\flauc\aj-game-room\dataconnect`
 {"metadata":{"emulator":{"name":"dataconnect"},"message":"E0221 23:07:16.423494   28044 watch.go:40] Failed to load config from \"c:\\\\Users\\\\filip\\\\Desktop\\\\projects\\\\flauc\\\\aj-game-room\\\\dataconnect\": could not find dataconnect.yaml in `c:\\Users\\filip\\Desktop\\projects\\flauc\\aj-game-room\\dataconnect`\n"}}
[debug] [2026-02-21T22:07:26.423Z] E0221 23:07:26.424502   28044 watch.go:40] Failed to load config from "c:\\Users\\filip\\Desktop\\projects\\flauc\\aj-game-room\\dataconnect": could not find dataconnect.yaml in `c:\Users\filip\Desktop\projects\flauc\aj-game-room\dataconnect`
 {"metadata":{"emulator":{"name":"dataconnect"},"message":"E0221 23:07:26.424502   28044 watch.go:40] Failed to load config from \"c:\\\\Users\\\\filip\\\\Desktop\\\\projects\\\\flauc\\\\aj-game-room\\\\dataconnect\": could not find dataconnect.yaml in `c:\\Users\\filip\\Desktop\\projects\\flauc\\aj-game-room\\dataconnect`\n"}}
[debug] [2026-02-21T22:07:36.422Z] E0221 23:07:36.423498   28044 watch.go:40] Failed to load config from "c:\\Users\\filip\\Desktop\\projects\\flauc\\aj-game-room\\dataconnect": could not find dataconnect.yaml in `c:\Users\filip\Desktop\projects\flauc\aj-game-room\dataconnect`
 {"metadata":{"emulator":{"name":"dataconnect"},"message":"E0221 23:07:36.423498   28044 watch.go:40] Failed to load config from \"c:\\\\Users\\\\filip\\\\Desktop\\\\projects\\\\flauc\\\\aj-game-room\\\\dataconnect\": could not find dataconnect.yaml in `c:\\Users\\filip\\Desktop\\projects\\flauc\\aj-game-room\\dataconnect`\n"}}
[debug] [2026-02-21T22:07:46.422Z] E0221 23:07:46.423938   28044 watch.go:40] Failed to load config from "c:\\Users\\filip\\Desktop\\projects\\flauc\\aj-game-room\\dataconnect": could not find dataconnect.yaml in `c:\Users\filip\Desktop\projects\flauc\aj-game-room\dataconnect`
 {"metadata":{"emulator":{"name":"dataconnect"},"message":"E0221 23:07:46.423938   28044 watch.go:40] Failed to load config from \"c:\\\\Users\\\\filip\\\\Desktop\\\\projects\\\\flauc\\\\aj-game-room\\\\dataconnect\": could not find dataconnect.yaml in `c:\\Users\\filip\\Desktop\\projects\\flauc\\aj-game-room\\dataconnect`\n"}}
[debug] [2026-02-21T22:07:56.422Z] E0221 23:07:56.423621   28044 watch.go:116] watchAllDir unable to walk dir `c:\Users\filip\Desktop\projects\flauc\aj-game-room\dataconnect`: CreateFile c:\Users\filip\Desktop\projects\flauc\aj-game-room\dataconnect: The system cannot find the file specified.
 {"metadata":{"emulator":{"name":"dataconnect"},"message":"E0221 23:07:56.423621   28044 watch.go:116] watchAllDir unable to walk dir `c:\\Users\\filip\\Desktop\\projects\\flauc\\aj-game-room\\dataconnect`: CreateFile c:\\Users\\filip\\Desktop\\projects\\flauc\\aj-game-room\\dataconnect: The system cannot find the file specified.\n"}}
[debug] [2026-02-21T22:07:56.424Z] E0221 23:07:56.425639   28044 watch.go:40] Failed to load config from "c:\\Users\\filip\\Desktop\\projects\\flauc\\aj-game-room\\dataconnect": could not find dataconnect.yaml in `c:\Users\filip\Desktop\projects\flauc\aj-game-room\dataconnect`
 {"metadata":{"emulator":{"name":"dataconnect"},"message":"E0221 23:07:56.425639   28044 watch.go:40] Failed to load config from \"c:\\\\Users\\\\filip\\\\Desktop\\\\projects\\\\flauc\\\\aj-game-room\\\\dataconnect\": could not find dataconnect.yaml in `c:\\Users\\filip\\Desktop\\projects\\flauc\\aj-game-room\\dataconnect`\n"}}
[debug] [2026-02-21T22:08:06.424Z] E0221 23:08:06.424331   28044 watch.go:40] Failed to load config from "c:\\Users\\filip\\Desktop\\projects\\flauc\\aj-game-room\\dataconnect": could not find dataconnect.yaml in `c:\Users\filip\Desktop\projects\flauc\aj-game-room\dataconnect`
 {"metadata":{"emulator":{"name":"dataconnect"},"message":"E0221 23:08:06.424331   28044 watch.go:40] Failed to load config from \"c:\\\\Users\\\\filip\\\\Desktop\\\\projects\\\\flauc\\\\aj-game-room\\\\dataconnect\": could not find dataconnect.yaml in `c:\\Users\\filip\\Desktop\\projects\\flauc\\aj-game-room\\dataconnect`\n"}}
[debug] [2026-02-21T22:08:16.425Z] E0221 23:08:16.423231   28044 watch.go:40] Failed to load config from "c:\\Users\\filip\\Desktop\\projects\\flauc\\aj-game-room\\dataconnect": could not find dataconnect.yaml in `c:\Users\filip\Desktop\projects\flauc\aj-game-room\dataconnect`
 {"metadata":{"emulator":{"name":"dataconnect"},"message":"E0221 23:08:16.423231   28044 watch.go:40] Failed to load config from \"c:\\\\Users\\\\filip\\\\Desktop\\\\projects\\\\flauc\\\\aj-game-room\\\\dataconnect\": could not find dataconnect.yaml in `c:\\Users\\filip\\Desktop\\projects\\flauc\\aj-game-room\\dataconnect`\n"}}
[debug] [2026-02-21T22:08:26.423Z] E0221 23:08:26.423285   28044 watch.go:40] Failed to load config from "c:\\Users\\filip\\Desktop\\projects\\flauc\\aj-game-room\\dataconnect": could not find dataconnect.yaml in `c:\Users\filip\Desktop\projects\flauc\aj-game-room\dataconnect`
 {"metadata":{"emulator":{"name":"dataconnect"},"message":"E0221 23:08:26.423285   28044 watch.go:40] Failed to load config from \"c:\\\\Users\\\\filip\\\\Desktop\\\\projects\\\\flauc\\\\aj-game-room\\\\dataconnect\": could not find dataconnect.yaml in `c:\\Users\\filip\\Desktop\\projects\\flauc\\aj-game-room\\dataconnect`\n"}}
[debug] [2026-02-21T22:08:36.425Z] E0221 23:08:36.424407   28044 watch.go:40] Failed to load config from "c:\\Users\\filip\\Desktop\\projects\\flauc\\aj-game-room\\dataconnect": could not find dataconnect.yaml in `c:\Users\filip\Desktop\projects\flauc\aj-game-room\dataconnect`
 {"metadata":{"emulator":{"name":"dataconnect"},"message":"E0221 23:08:36.424407   28044 watch.go:40] Failed to load config from \"c:\\\\Users\\\\filip\\\\Desktop\\\\projects\\\\flauc\\\\aj-game-room\\\\dataconnect\": could not find dataconnect.yaml in `c:\\Users\\filip\\Desktop\\projects\\flauc\\aj-game-room\\dataconnect`\n"}}
[debug] [2026-02-21T22:08:46.423Z] E0221 23:08:46.422983   28044 watch.go:40] Failed to load config from "c:\\Users\\filip\\Desktop\\projects\\flauc\\aj-game-room\\dataconnect": could not find dataconnect.yaml in `c:\Users\filip\Desktop\projects\flauc\aj-game-room\dataconnect`
 {"metadata":{"emulator":{"name":"dataconnect"},"message":"E0221 23:08:46.422983   28044 watch.go:40] Failed to load config from \"c:\\\\Users\\\\filip\\\\Desktop\\\\projects\\\\flauc\\\\aj-game-room\\\\dataconnect\": could not find dataconnect.yaml in `c:\\Users\\filip\\Desktop\\projects\\flauc\\aj-game-room\\dataconnect`\n"}}
[debug] [2026-02-21T22:08:56.423Z] E0221 23:08:56.422910   28044 watch.go:116] watchAllDir unable to walk dir `c:\Users\filip\Desktop\projects\flauc\aj-game-room\dataconnect`: CreateFile c:\Users\filip\Desktop\projects\flauc\aj-game-room\dataconnect: The system cannot find the file specified.
E0221 23:08:56.422910   28044 watch.go:40] Failed to load config from "c:\\Users\\filip\\Desktop\\projects\\flauc\\aj-game-room\\dataconnect": could not find dataconnect.yaml in `c:\Users\filip\Desktop\projects\flauc\aj-game-room\dataconnect`
 {"metadata":{"emulator":{"name":"dataconnect"},"message":"E0221 23:08:56.422910   28044 watch.go:116] watchAllDir unable to walk dir `c:\\Users\\filip\\Desktop\\projects\\flauc\\aj-game-room\\dataconnect`: CreateFile c:\\Users\\filip\\Desktop\\projects\\flauc\\aj-game-room\\dataconnect: The system cannot find the file specified.\nE0221 23:08:56.422910   28044 watch.go:40] Failed to load config from \"c:\\\\Users\\\\filip\\\\Desktop\\\\projects\\\\flauc\\\\aj-game-room\\\\dataconnect\": could not find dataconnect.yaml in `c:\\Users\\filip\\Desktop\\projects\\flauc\\aj-game-room\\dataconnect`\n"}}
[debug] [2026-02-21T22:09:06.423Z] E0221 23:09:06.422674   28044 watch.go:40] Failed to load config from "c:\\Users\\filip\\Desktop\\projects\\flauc\\aj-game-room\\dataconnect": could not find dataconnect.yaml in `c:\Users\filip\Desktop\projects\flauc\aj-game-room\dataconnect`
 {"metadata":{"emulator":{"name":"dataconnect"},"message":"E0221 23:09:06.422674   28044 watch.go:40] Failed to load config from \"c:\\\\Users\\\\filip\\\\Desktop\\\\projects\\\\flauc\\\\aj-game-room\\\\dataconnect\": could not find dataconnect.yaml in `c:\\Users\\filip\\Desktop\\projects\\flauc\\aj-game-room\\dataconnect`\n"}}
[debug] [2026-02-21T22:09:16.422Z] E0221 23:09:16.423449   28044 watch.go:40] Failed to load config from "c:\\Users\\filip\\Desktop\\projects\\flauc\\aj-game-room\\dataconnect": could not find dataconnect.yaml in `c:\Users\filip\Desktop\projects\flauc\aj-game-room\dataconnect`
 {"metadata":{"emulator":{"name":"dataconnect"},"message":"E0221 23:09:16.423449   28044 watch.go:40] Failed to load config from \"c:\\\\Users\\\\filip\\\\Desktop\\\\projects\\\\flauc\\\\aj-game-room\\\\dataconnect\": could not find dataconnect.yaml in `c:\\Users\\filip\\Desktop\\projects\\flauc\\aj-game-room\\dataconnect`\n"}}
[debug] [2026-02-21T22:09:26.422Z] E0221 23:09:26.423205   28044 watch.go:40] Failed to load config from "c:\\Users\\filip\\Desktop\\projects\\flauc\\aj-game-room\\dataconnect": could not find dataconnect.yaml in `c:\Users\filip\Desktop\projects\flauc\aj-game-room\dataconnect`
 {"metadata":{"emulator":{"name":"dataconnect"},"message":"E0221 23:09:26.423205   28044 watch.go:40] Failed to load config from \"c:\\\\Users\\\\filip\\\\Desktop\\\\projects\\\\flauc\\\\aj-game-room\\\\dataconnect\": could not find dataconnect.yaml in `c:\\Users\\filip\\Desktop\\projects\\flauc\\aj-game-room\\dataconnect`\n"}}
[debug] [2026-02-21T22:09:36.422Z] E0221 23:09:36.422926   28044 watch.go:40] Failed to load config from "c:\\Users\\filip\\Desktop\\projects\\flauc\\aj-game-room\\dataconnect": could not find dataconnect.yaml in `c:\Users\filip\Desktop\projects\flauc\aj-game-room\dataconnect`
 {"metadata":{"emulator":{"name":"dataconnect"},"message":"E0221 23:09:36.422926   28044 watch.go:40] Failed to load config from \"c:\\\\Users\\\\filip\\\\Desktop\\\\projects\\\\flauc\\\\aj-game-room\\\\dataconnect\": could not find dataconnect.yaml in `c:\\Users\\filip\\Desktop\\projects\\flauc\\aj-game-room\\dataconnect`\n"}}
[debug] [2026-02-21T22:09:46.422Z] E0221 23:09:46.423506   28044 watch.go:40] Failed to load config from "c:\\Users\\filip\\Desktop\\projects\\flauc\\aj-game-room\\dataconnect": could not find dataconnect.yaml in `c:\Users\filip\Desktop\projects\flauc\aj-game-room\dataconnect`
 {"metadata":{"emulator":{"name":"dataconnect"},"message":"E0221 23:09:46.423506   28044 watch.go:40] Failed to load config from \"c:\\\\Users\\\\filip\\\\Desktop\\\\projects\\\\flauc\\\\aj-game-room\\\\dataconnect\": could not find dataconnect.yaml in `c:\\Users\\filip\\Desktop\\projects\\flauc\\aj-game-room\\dataconnect`\n"}}
[debug] [2026-02-21T22:09:56.427Z] E0221 23:09:56.423591   28044 watch.go:116] watchAllDir unable to walk dir `c:\Users\filip\Desktop\projects\flauc\aj-game-room\dataconnect`: CreateFile c:\Users\filip\Desktop\projects\flauc\aj-game-room\dataconnect: The system cannot find the file specified.
E0221 23:09:56.424005   28044 watch.go:40] Failed to load config from "c:\\Users\\filip\\Desktop\\projects\\flauc\\aj-game-room\\dataconnect": could not find dataconnect.yaml in `c:\Users\filip\Desktop\projects\flauc\aj-game-room\dataconnect`
 {"metadata":{"emulator":{"name":"dataconnect"},"message":"E0221 23:09:56.423591   28044 watch.go:116] watchAllDir unable to walk dir `c:\\Users\\filip\\Desktop\\projects\\flauc\\aj-game-room\\dataconnect`: CreateFile c:\\Users\\filip\\Desktop\\projects\\flauc\\aj-game-room\\dataconnect: The system cannot find the file specified.\nE0221 23:09:56.424005   28044 watch.go:40] Failed to load config from \"c:\\\\Users\\\\filip\\\\Desktop\\\\projects\\\\flauc\\\\aj-game-room\\\\dataconnect\": could not find dataconnect.yaml in `c:\\Users\\filip\\Desktop\\projects\\flauc\\aj-game-room\\dataconnect`\n"}}
[debug] [2026-02-21T22:10:06.422Z] E0221 23:10:06.423071   28044 watch.go:40] Failed to load config from "c:\\Users\\filip\\Desktop\\projects\\flauc\\aj-game-room\\dataconnect": could not find dataconnect.yaml in `c:\Users\filip\Desktop\projects\flauc\aj-game-room\dataconnect`
 {"metadata":{"emulator":{"name":"dataconnect"},"message":"E0221 23:10:06.423071   28044 watch.go:40] Failed to load config from \"c:\\\\Users\\\\filip\\\\Desktop\\\\projects\\\\flauc\\\\aj-game-room\\\\dataconnect\": could not find dataconnect.yaml in `c:\\Users\\filip\\Desktop\\projects\\flauc\\aj-game-room\\dataconnect`\n"}}
[debug] [2026-02-21T22:10:16.421Z] E0221 23:10:16.425037   28044 watch.go:40] Failed to load config from "c:\\Users\\filip\\Desktop\\projects\\flauc\\aj-game-room\\dataconnect": could not find dataconnect.yaml in `c:\Users\filip\Desktop\projects\flauc\aj-game-room\dataconnect`
 {"metadata":{"emulator":{"name":"dataconnect"},"message":"E0221 23:10:16.425037   28044 watch.go:40] Failed to load config from \"c:\\\\Users\\\\filip\\\\Desktop\\\\projects\\\\flauc\\\\aj-game-room\\\\dataconnect\": could not find dataconnect.yaml in `c:\\Users\\filip\\Desktop\\projects\\flauc\\aj-game-room\\dataconnect`\n"}}
[debug] [2026-02-21T22:10:26.423Z] E0221 23:10:26.426829   28044 watch.go:40] Failed to load config from "c:\\Users\\filip\\Desktop\\projects\\flauc\\aj-game-room\\dataconnect": could not find dataconnect.yaml in `c:\Users\filip\Desktop\projects\flauc\aj-game-room\dataconnect`
 {"metadata":{"emulator":{"name":"dataconnect"},"message":"E0221 23:10:26.426829   28044 watch.go:40] Failed to load config from \"c:\\\\Users\\\\filip\\\\Desktop\\\\projects\\\\flauc\\\\aj-game-room\\\\dataconnect\": could not find dataconnect.yaml in `c:\\Users\\filip\\Desktop\\projects\\flauc\\aj-game-room\\dataconnect`\n"}}
[debug] [2026-02-21T22:10:36.420Z] E0221 23:10:36.424662   28044 watch.go:40] Failed to load config from "c:\\Users\\filip\\Desktop\\projects\\flauc\\aj-game-room\\dataconnect": could not find dataconnect.yaml in `c:\Users\filip\Desktop\projects\flauc\aj-game-room\dataconnect`
 {"metadata":{"emulator":{"name":"dataconnect"},"message":"E0221 23:10:36.424662   28044 watch.go:40] Failed to load config from \"c:\\\\Users\\\\filip\\\\Desktop\\\\projects\\\\flauc\\\\aj-game-room\\\\dataconnect\": could not find dataconnect.yaml in `c:\\Users\\filip\\Desktop\\projects\\flauc\\aj-game-room\\dataconnect`\n"}}
[debug] [2026-02-21T22:10:46.419Z] E0221 23:10:46.423155   28044 watch.go:40] Failed to load config from "c:\\Users\\filip\\Desktop\\projects\\flauc\\aj-game-room\\dataconnect": could not find dataconnect.yaml in `c:\Users\filip\Desktop\projects\flauc\aj-game-room\dataconnect`
 {"metadata":{"emulator":{"name":"dataconnect"},"message":"E0221 23:10:46.423155   28044 watch.go:40] Failed to load config from \"c:\\\\Users\\\\filip\\\\Desktop\\\\projects\\\\flauc\\\\aj-game-room\\\\dataconnect\": could not find dataconnect.yaml in `c:\\Users\\filip\\Desktop\\projects\\flauc\\aj-game-room\\dataconnect`\n"}}
[debug] [2026-02-21T22:10:56.419Z] E0221 23:10:56.422895   28044 watch.go:116] watchAllDir unable to walk dir `c:\Users\filip\Desktop\projects\flauc\aj-game-room\dataconnect`: CreateFile c:\Users\filip\Desktop\projects\flauc\aj-game-room\dataconnect: The system cannot find the file specified.
 {"metadata":{"emulator":{"name":"dataconnect"},"message":"E0221 23:10:56.422895   28044 watch.go:116] watchAllDir unable to walk dir `c:\\Users\\filip\\Desktop\\projects\\flauc\\aj-game-room\\dataconnect`: CreateFile c:\\Users\\filip\\Desktop\\projects\\flauc\\aj-game-room\\dataconnect: The system cannot find the file specified.\n"}}
[debug] [2026-02-21T22:10:56.422Z] E0221 23:10:56.423982   28044 watch.go:40] Failed to load config from "c:\\Users\\filip\\Desktop\\projects\\flauc\\aj-game-room\\dataconnect": could not find dataconnect.yaml in `c:\Users\filip\Desktop\projects\flauc\aj-game-room\dataconnect`
 {"metadata":{"emulator":{"name":"dataconnect"},"message":"E0221 23:10:56.423982   28044 watch.go:40] Failed to load config from \"c:\\\\Users\\\\filip\\\\Desktop\\\\projects\\\\flauc\\\\aj-game-room\\\\dataconnect\": could not find dataconnect.yaml in `c:\\Users\\filip\\Desktop\\projects\\flauc\\aj-game-room\\dataconnect`\n"}}
[debug] [2026-02-21T22:11:06.420Z] E0221 23:11:06.424246   28044 watch.go:40] Failed to load config from "c:\\Users\\filip\\Desktop\\projects\\flauc\\aj-game-room\\dataconnect": could not find dataconnect.yaml in `c:\Users\filip\Desktop\projects\flauc\aj-game-room\dataconnect`
 {"metadata":{"emulator":{"name":"dataconnect"},"message":"E0221 23:11:06.424246   28044 watch.go:40] Failed to load config from \"c:\\\\Users\\\\filip\\\\Desktop\\\\projects\\\\flauc\\\\aj-game-room\\\\dataconnect\": could not find dataconnect.yaml in `c:\\Users\\filip\\Desktop\\projects\\flauc\\aj-game-room\\dataconnect`\n"}}
[debug] [2026-02-21T22:11:16.423Z] E0221 23:11:16.424005   28044 watch.go:40] Failed to load config from "c:\\Users\\filip\\Desktop\\projects\\flauc\\aj-game-room\\dataconnect": could not find dataconnect.yaml in `c:\Users\filip\Desktop\projects\flauc\aj-game-room\dataconnect`
 {"metadata":{"emulator":{"name":"dataconnect"},"message":"E0221 23:11:16.424005   28044 watch.go:40] Failed to load config from \"c:\\\\Users\\\\filip\\\\Desktop\\\\projects\\\\flauc\\\\aj-game-room\\\\dataconnect\": could not find dataconnect.yaml in `c:\\Users\\filip\\Desktop\\projects\\flauc\\aj-game-room\\dataconnect`\n"}}
[debug] [2026-02-21T22:11:26.424Z] E0221 23:11:26.424543   28044 watch.go:40] Failed to load config from "c:\\Users\\filip\\Desktop\\projects\\flauc\\aj-game-room\\dataconnect": could not find dataconnect.yaml in `c:\Users\filip\Desktop\projects\flauc\aj-game-room\dataconnect`
 {"metadata":{"emulator":{"name":"dataconnect"},"message":"E0221 23:11:26.424543   28044 watch.go:40] Failed to load config from \"c:\\\\Users\\\\filip\\\\Desktop\\\\projects\\\\flauc\\\\aj-game-room\\\\dataconnect\": could not find dataconnect.yaml in `c:\\Users\\filip\\Desktop\\projects\\flauc\\aj-game-room\\dataconnect`\n"}}
[debug] [2026-02-21T22:11:36.424Z] E0221 23:11:36.425273   28044 watch.go:40] Failed to load config from "c:\\Users\\filip\\Desktop\\projects\\flauc\\aj-game-room\\dataconnect": could not find dataconnect.yaml in `c:\Users\filip\Desktop\projects\flauc\aj-game-room\dataconnect`
 {"metadata":{"emulator":{"name":"dataconnect"},"message":"E0221 23:11:36.425273   28044 watch.go:40] Failed to load config from \"c:\\\\Users\\\\filip\\\\Desktop\\\\projects\\\\flauc\\\\aj-game-room\\\\dataconnect\": could not find dataconnect.yaml in `c:\\Users\\filip\\Desktop\\projects\\flauc\\aj-game-room\\dataconnect`\n"}}
[debug] [2026-02-21T22:11:46.423Z] E0221 23:11:46.423469   28044 watch.go:40] Failed to load config from "c:\\Users\\filip\\Desktop\\projects\\flauc\\aj-game-room\\dataconnect": could not find dataconnect.yaml in `c:\Users\filip\Desktop\projects\flauc\aj-game-room\dataconnect`
 {"metadata":{"emulator":{"name":"dataconnect"},"message":"E0221 23:11:46.423469   28044 watch.go:40] Failed to load config from \"c:\\\\Users\\\\filip\\\\Desktop\\\\projects\\\\flauc\\\\aj-game-room\\\\dataconnect\": could not find dataconnect.yaml in `c:\\Users\\filip\\Desktop\\projects\\flauc\\aj-game-room\\dataconnect`\n"}}
[debug] [2026-02-21T22:11:56.423Z] E0221 23:11:56.422824   28044 watch.go:116] watchAllDir unable to walk dir `c:\Users\filip\Desktop\projects\flauc\aj-game-room\dataconnect`: CreateFile c:\Users\filip\Desktop\projects\flauc\aj-game-room\dataconnect: The system cannot find the file specified.
E0221 23:11:56.423442   28044 watch.go:40] Failed to load config from "c:\\Users\\filip\\Desktop\\projects\\flauc\\aj-game-room\\dataconnect": could not find dataconnect.yaml in `c:\Users\filip\Desktop\projects\flauc\aj-game-room\dataconnect`
 {"metadata":{"emulator":{"name":"dataconnect"},"message":"E0221 23:11:56.422824   28044 watch.go:116] watchAllDir unable to walk dir `c:\\Users\\filip\\Desktop\\projects\\flauc\\aj-game-room\\dataconnect`: CreateFile c:\\Users\\filip\\Desktop\\projects\\flauc\\aj-game-room\\dataconnect: The system cannot find the file specified.\nE0221 23:11:56.423442   28044 watch.go:40] Failed to load config from \"c:\\\\Users\\\\filip\\\\Desktop\\\\projects\\\\flauc\\\\aj-game-room\\\\dataconnect\": could not find dataconnect.yaml in `c:\\Users\\filip\\Desktop\\projects\\flauc\\aj-game-room\\dataconnect`\n"}}
[debug] [2026-02-21T22:12:06.423Z] E0221 23:12:06.423716   28044 watch.go:40] Failed to load config from "c:\\Users\\filip\\Desktop\\projects\\flauc\\aj-game-room\\dataconnect": could not find dataconnect.yaml in `c:\Users\filip\Desktop\projects\flauc\aj-game-room\dataconnect`
 {"metadata":{"emulator":{"name":"dataconnect"},"message":"E0221 23:12:06.423716   28044 watch.go:40] Failed to load config from \"c:\\\\Users\\\\filip\\\\Desktop\\\\projects\\\\flauc\\\\aj-game-room\\\\dataconnect\": could not find dataconnect.yaml in `c:\\Users\\filip\\Desktop\\projects\\flauc\\aj-game-room\\dataconnect`\n"}}
[debug] [2026-02-21T22:12:16.423Z] E0221 23:12:16.423745   28044 watch.go:40] Failed to load config from "c:\\Users\\filip\\Desktop\\projects\\flauc\\aj-game-room\\dataconnect": could not find dataconnect.yaml in `c:\Users\filip\Desktop\projects\flauc\aj-game-room\dataconnect`
 {"metadata":{"emulator":{"name":"dataconnect"},"message":"E0221 23:12:16.423745   28044 watch.go:40] Failed to load config from \"c:\\\\Users\\\\filip\\\\Desktop\\\\projects\\\\flauc\\\\aj-game-room\\\\dataconnect\": could not find dataconnect.yaml in `c:\\Users\\filip\\Desktop\\projects\\flauc\\aj-game-room\\dataconnect`\n"}}
[debug] [2026-02-21T22:12:26.423Z] E0221 23:12:26.422831   28044 watch.go:40] Failed to load config from "c:\\Users\\filip\\Desktop\\projects\\flauc\\aj-game-room\\dataconnect": could not find dataconnect.yaml in `c:\Users\filip\Desktop\projects\flauc\aj-game-room\dataconnect`
 {"metadata":{"emulator":{"name":"dataconnect"},"message":"E0221 23:12:26.422831   28044 watch.go:40] Failed to load config from \"c:\\\\Users\\\\filip\\\\Desktop\\\\projects\\\\flauc\\\\aj-game-room\\\\dataconnect\": could not find dataconnect.yaml in `c:\\Users\\filip\\Desktop\\projects\\flauc\\aj-game-room\\dataconnect`\n"}}
[debug] [2026-02-21T22:12:36.426Z] E0221 23:12:36.426723   28044 watch.go:40] Failed to load config from "c:\\Users\\filip\\Desktop\\projects\\flauc\\aj-game-room\\dataconnect": could not find dataconnect.yaml in `c:\Users\filip\Desktop\projects\flauc\aj-game-room\dataconnect`
 {"metadata":{"emulator":{"name":"dataconnect"},"message":"E0221 23:12:36.426723   28044 watch.go:40] Failed to load config from \"c:\\\\Users\\\\filip\\\\Desktop\\\\projects\\\\flauc\\\\aj-game-room\\\\dataconnect\": could not find dataconnect.yaml in `c:\\Users\\filip\\Desktop\\projects\\flauc\\aj-game-room\\dataconnect`\n"}}
[debug] [2026-02-21T22:12:46.423Z] E0221 23:12:46.423599   28044 watch.go:40] Failed to load config from "c:\\Users\\filip\\Desktop\\projects\\flauc\\aj-game-room\\dataconnect": could not find dataconnect.yaml in `c:\Users\filip\Desktop\projects\flauc\aj-game-room\dataconnect`
 {"metadata":{"emulator":{"name":"dataconnect"},"message":"E0221 23:12:46.423599   28044 watch.go:40] Failed to load config from \"c:\\\\Users\\\\filip\\\\Desktop\\\\projects\\\\flauc\\\\aj-game-room\\\\dataconnect\": could not find dataconnect.yaml in `c:\\Users\\filip\\Desktop\\projects\\flauc\\aj-game-room\\dataconnect`\n"}}
[debug] [2026-02-21T22:12:56.423Z] E0221 23:12:56.423386   28044 watch.go:116] watchAllDir unable to walk dir `c:\Users\filip\Desktop\projects\flauc\aj-game-room\dataconnect`: CreateFile c:\Users\filip\Desktop\projects\flauc\aj-game-room\dataconnect: The system cannot find the file specified.
E0221 23:12:56.423893   28044 watch.go:40] Failed to load config from "c:\\Users\\filip\\Desktop\\projects\\flauc\\aj-game-room\\dataconnect": could not find dataconnect.yaml in `c:\Users\filip\Desktop\projects\flauc\aj-game-room\dataconnect`
 {"metadata":{"emulator":{"name":"dataconnect"},"message":"E0221 23:12:56.423386   28044 watch.go:116] watchAllDir unable to walk dir `c:\\Users\\filip\\Desktop\\projects\\flauc\\aj-game-room\\dataconnect`: CreateFile c:\\Users\\filip\\Desktop\\projects\\flauc\\aj-game-room\\dataconnect: The system cannot find the file specified.\nE0221 23:12:56.423893   28044 watch.go:40] Failed to load config from \"c:\\\\Users\\\\filip\\\\Desktop\\\\projects\\\\flauc\\\\aj-game-room\\\\dataconnect\": could not find dataconnect.yaml in `c:\\Users\\filip\\Desktop\\projects\\flauc\\aj-game-room\\dataconnect`\n"}}
[debug] [2026-02-21T22:13:06.422Z] E0221 23:13:06.422733   28044 watch.go:40] Failed to load config from "c:\\Users\\filip\\Desktop\\projects\\flauc\\aj-game-room\\dataconnect": could not find dataconnect.yaml in `c:\Users\filip\Desktop\projects\flauc\aj-game-room\dataconnect`
 {"metadata":{"emulator":{"name":"dataconnect"},"message":"E0221 23:13:06.422733   28044 watch.go:40] Failed to load config from \"c:\\\\Users\\\\filip\\\\Desktop\\\\projects\\\\flauc\\\\aj-game-room\\\\dataconnect\": could not find dataconnect.yaml in `c:\\Users\\filip\\Desktop\\projects\\flauc\\aj-game-room\\dataconnect`\n"}}
[debug] [2026-02-21T22:13:16.422Z] E0221 23:13:16.423608   28044 watch.go:40] Failed to load config from "c:\\Users\\filip\\Desktop\\projects\\flauc\\aj-game-room\\dataconnect": could not find dataconnect.yaml in `c:\Users\filip\Desktop\projects\flauc\aj-game-room\dataconnect`
 {"metadata":{"emulator":{"name":"dataconnect"},"message":"E0221 23:13:16.423608   28044 watch.go:40] Failed to load config from \"c:\\\\Users\\\\filip\\\\Desktop\\\\projects\\\\flauc\\\\aj-game-room\\\\dataconnect\": could not find dataconnect.yaml in `c:\\Users\\filip\\Desktop\\projects\\flauc\\aj-game-room\\dataconnect`\n"}}
